1,1,1,0
2,2,2,0
3,3,3,0
4,4,4,0
5,5,5,0
6,6,6,0
7,7,7,0
8,8,8,0
9,9,9,0
10,10,10,0
11,11,11,0
12,12,12,0
13,13,13,0
14,14,14,0
15,15,15,0
16,16,16,0
17,17,17,0
18,18,18,0
19,19,19,0
20,20,20,0
21,21,21,0
22,22,22,0
23,23,23,0
24,24,24,0
25,25,25,0
26,26,26,0
27,27,27,0
28,28,28,0
29,29,29,0
30,30,30,0
31,31,31,0
32,32,32,0
33,33,33,0
34,34,34,0
35,35,35,0
36,36,36,0
37,37,37,0
38,38,38,0
39,39,39,0
40,40,40,0
41,41,41,0
42,42,42,0
43,43,43,0
44,44,44,0
45,45,45,0
46,46,46,0
47,47,47,0
48,48,48,0
49,49,49,0
50,50,50,0
51,51,51,0
52,52,52,0
53,53,53,0
54,54,54,0
55,55,55,0
56,56,56,0
57,57,57,0
58,58,58,0
59,59,59,0
60,60,60,0
61,61,61,0
62,62,62,0
63,63,63,0
64,64,64,0
65,65,65,0
66,66,66,0
67,67,67,0
68,68,68,0
69,69,69,0
70,70,70,0
71,71,71,0
72,72,72,0
73,73,73,0
74,74,74,0
75,75,75,0
76,76,76,0
77,77,77,0
78,78,78,0
79,79,79,0
80,80,80,0
81,81,81,0
82,82,82,0
83,83,83,0
84,84,84,0
85,85,85,0
86,86,86,0
87,87,87,0
88,88,88,0
89,89,89,0
90,90,90,0
91,91,91,0
92,92,92,0
93,93,93,0
94,94,94,0
95,95,95,0
96,96,96,0
97,97,97,0
98,98,98,0
99,99,99,0
100,100,100,0
101,101,101,0
102,102,102,0
103,103,103,0
104,104,104,0
105,105,105,0
106,106,106,0
107,107,107,0
108,108,108,0
109,109,109,0
110,110,110,0
111,111,111,0
112,112,112,0
113,113,113,0
114,114,114,0
115,115,115,0
116,116,116,0
117,117,117,0
118,118,118,0
119,119,119,0
120,120,120,0
121,121,121,0
122,122,122,0
123,123,123,0
124,124,124,0
125,125,125,0
126,126,126,0
127,127,127,0
128,128,128,0
129,129,129,0
130,130,130,0
131,131,131,0
132,132,132,0
133,133,133,0
134,134,134,0
135,135,135,0
136,136,136,0
137,137,137,0
138,138,138,0
139,139,139,0
140,140,140,0
141,141,141,0
142,142,142,0
143,143,143,0
144,144,144,0
145,145,145,0
146,146,146,0
147,147,147,0
148,148,148,0
149,149,149,0
150,150,150,0
151,151,151,0
152,152,152,0
153,153,153,0
154,154,154,0
155,155,155,0
156,156,156,0
157,157,157,0
158,158,158,0
159,159,159,0
160,160,160,0
161,161,161,0
162,162,162,0
163,163,163,0
164,164,164,0
165,165,165,0
166,166,166,0
167,167,167,0
168,168,168,0
169,169,169,0
170,170,170,0
171,171,171,0
172,172,172,0
173,173,173,0
174,174,174,0
175,175,175,0
176,176,176,0
177,177,177,0
178,178,178,0
179,179,179,0
180,180,180,0
181,181,181,0
182,182,182,0
183,183,183,0
184,184,184,0
185,185,185,0
186,186,186,0
187,187,187,0
188,188,188,0
189,189,189,0
190,190,190,0
191,191,191,0
192,192,192,0
193,193,193,0
194,194,194,0
195,195,195,0
196,196,196,0
197,197,197,0
198,198,198,0
199,199,199,0
200,200,200,0
201,201,201,0
202,202,202,0
203,203,203,0
204,204,204,0
205,205,205,0
206,206,206,0
207,207,207,0
208,208,208,0
209,209,209,0
210,210,210,0
211,211,211,0
212,212,212,0
213,213,213,0
214,214,214,0
215,215,215,0
216,216,216,0
217,217,217,0
218,218,218,0
219,219,219,0
220,220,220,0
221,221,221,0
222,222,222,0
223,223,223,0
224,224,224,0
225,225,225,0
226,226,226,0
227,227,227,0
228,228,228,0
229,229,229,0
230,230,230,0
231,231,231,0
232,232,232,0
233,233,233,0
234,234,234,0
235,235,235,0
236,236,236,0
237,237,237,0
238,238,238,0
239,239,239,0
240,240,240,0
241,241,241,0
242,242,242,0
243,243,243,0
244,244,244,0
245,245,245,0
246,246,246,0
247,247,247,0
248,248,248,0
249,249,249,0
250,250,250,0
251,251,251,0
252,252,252,0
253,253,253,0
254,254,254,0
255,255,255,0
256,256,256,0
257,257,257,0
258,258,258,0
259,259,259,0
260,260,260,0
261,261,261,0
262,262,262,0
263,263,263,0
264,264,264,0
265,265,265,0
266,266,266,0
267,267,267,0
268,268,268,0
269,269,269,0
270,270,270,0
271,271,271,0
272,272,272,0
273,273,273,0
274,274,274,0
275,275,275,0
276,276,276,0
277,277,277,0
278,278,278,0
279,279,279,0
280,280,280,0
281,281,281,0
282,282,282,0
283,283,283,0
284,284,284,0
285,285,285,0
286,286,286,0
287,287,287,0
288,288,288,0
289,289,289,0
290,290,290,0
291,291,291,0
292,292,292,0
293,293,293,0
294,294,294,0
295,295,295,0
296,296,296,0
297,297,297,0
298,298,298,0
299,299,299,0
300,300,300,0
301,301,301,0
302,302,302,0
303,303,303,0
304,304,304,0
305,305,305,0
306,306,306,0
307,307,307,0
308,308,308,0
309,309,309,0
310,310,310,0
311,311,311,0
312,312,312,0
313,313,313,0
314,314,314,0
315,315,315,0
316,316,316,0
317,317,317,0
318,318,318,0
319,319,319,0
320,320,320,0
321,321,321,0
322,322,322,0
323,323,323,0
324,324,324,0
325,325,325,0
326,326,326,0
327,327,327,0
328,328,328,0
329,329,329,0
330,330,330,0
331,331,331,0
332,332,332,0
333,333,333,0
334,334,334,0
335,335,335,0
336,336,336,0
337,337,337,0
338,338,338,0
339,339,339,0
340,340,340,0
341,341,341,0
342,342,342,0
343,343,343,0
344,344,344,0
345,345,345,0
346,346,346,0
347,347,347,0
348,348,348,0
349,349,349,0
350,350,350,0
351,351,351,0
352,352,352,0
353,353,353,0
354,354,354,0
355,355,355,0
356,356,356,0
357,357,357,0
358,358,358,0
359,359,359,0
360,360,360,0
361,361,361,0
362,362,362,0
363,363,363,0
364,364,364,0
365,365,365,0
366,366,366,0
367,367,367,0
368,368,368,0
369,369,369,0
370,370,370,0
371,371,371,0
372,372,372,0
373,373,373,0
374,374,374,0
375,375,375,0
376,376,376,0
377,377,377,0
378,378,378,0
379,379,379,0
380,380,380,0
381,381,381,0
382,382,382,0
383,383,383,0
384,384,384,0
385,385,385,0
386,386,386,0
387,387,387,0
388,388,388,0
389,389,389,0
390,390,390,0
391,391,391,0
392,392,392,0
393,393,393,0
394,394,394,0
395,395,395,0
396,396,396,0
397,397,397,0
398,398,398,0
399,399,399,0
400,400,400,0
401,401,401,0
402,402,402,0
403,403,403,0
404,404,404,0
405,405,405,0
406,406,406,0
407,407,407,0
408,408,408,0
409,409,409,0
410,410,410,0
411,411,411,0
412,412,412,0
413,413,413,0
414,414,414,0
415,415,415,0
416,416,416,0
417,417,417,0
418,418,418,0
419,419,419,0
420,420,420,0
421,421,421,0
422,422,422,0
423,423,423,0
424,424,424,0
425,425,425,0
426,426,426,0
427,427,427,0
428,428,428,0
429,429,429,0
430,430,430,0
431,431,431,0
432,432,432,0
433,433,433,0
434,434,434,0
435,435,435,0
436,436,436,0
437,437,437,0
438,438,438,0
439,439,439,0
440,440,440,0
441,441,441,0
442,442,442,0
443,443,443,0
444,444,444,0
445,445,445,0
446,446,446,0
447,447,447,0
448,448,448,0
449,449,449,0
450,450,450,0
451,451,451,0
452,452,452,0
453,453,453,0
454,454,454,0
455,455,455,0
456,456,456,0
457,457,457,0
458,458,458,0
459,459,459,0
460,460,460,0
461,461,461,0
462,462,462,0
463,463,463,0
464,464,464,0
465,465,465,0
466,466,466,0
467,467,467,0
468,468,468,0
469,469,469,0
470,470,470,0
471,471,471,0
472,472,472,0
473,473,473,0
474,474,474,0
475,475,475,0
476,476,476,0
477,477,477,0
478,478,478,0
479,479,479,0
480,480,480,0
481,481,481,0
482,482,482,0
483,483,483,0
484,484,484,0
485,485,485,0
486,486,486,0
487,487,487,0
488,488,488,0
489,489,489,0
490,490,490,0
491,491,491,0
492,492,492,0
493,493,493,0
494,494,494,0
495,495,495,0
496,496,496,0
497,497,497,0
498,498,498,0
499,499,499,0
500,500,500,0
501,501,501,0
502,502,502,0
503,503,503,0
504,504,504,0
505,505,505,0
506,506,506,0
507,507,507,0
508,508,508,0
509,509,509,0
510,510,510,0
511,511,511,0
512,512,512,0
513,513,513,0
514,514,514,0
515,515,515,0
516,516,516,0
517,517,517,0
518,518,518,0
519,519,519,0
520,520,520,0
521,521,521,0
522,522,522,0
523,523,523,0
524,524,524,0
525,525,525,0
526,526,526,0
527,527,527,0
528,528,528,0
529,529,529,0
530,530,530,0
531,531,531,0
532,532,532,0
533,533,533,0
534,534,534,0
535,535,535,0
536,536,536,0
537,537,537,0
538,538,538,0
539,539,539,0
540,540,540,0
541,541,541,0
542,542,542,0
543,543,543,0
544,544,544,0
545,545,545,0
546,546,546,0
547,547,547,0
548,548,548,0
549,549,549,0
550,550,550,0
551,551,551,0
552,552,552,0
553,553,553,0
554,554,554,0
555,555,555,0
556,556,556,0
557,557,557,0
558,558,558,0
559,559,559,0
560,560,560,0
561,561,561,0
562,562,562,0
563,563,563,0
564,564,564,0
565,565,565,0
566,566,566,0
567,567,567,0
568,568,568,0
569,569,569,0
570,570,570,0
571,571,571,0
572,572,572,0
573,573,573,0
574,574,574,0
575,575,575,0
576,576,576,0
577,577,577,0
578,578,578,0
579,579,579,0
580,580,580,0
581,581,581,0
582,582,582,0
583,583,583,0
584,584,584,0
585,585,585,0
586,586,586,0
587,587,587,0
588,588,588,0
589,589,589,0
590,590,590,0
591,591,591,0
592,592,592,0
593,593,593,0
594,594,594,0
595,595,595,0
596,596,596,0
597,597,597,0
598,598,598,0
599,599,599,0
600,600,600,0
601,601,601,0
602,602,602,0
603,603,603,0
604,604,604,0
605,605,605,0
606,606,606,0
607,607,607,0
608,608,608,0
609,609,609,0
610,610,610,0
611,611,611,0
612,612,612,0
613,613,613,0
614,614,614,0
615,615,615,0
616,616,616,0
617,617,617,0
618,618,618,0
619,619,619,0
620,620,620,0
621,621,621,0
622,622,622,0
623,623,623,0
624,624,624,0
625,625,625,0
626,626,626,0
627,627,627,0
628,628,628,0
629,629,629,0
630,630,630,0
631,631,631,0
632,632,632,0
633,633,633,0
634,634,634,0
635,635,635,0
636,636,636,0
637,637,637,0
638,638,638,0
639,639,639,0
640,640,640,0
641,641,641,0
642,642,642,0
643,643,643,0
644,644,644,0
645,645,645,0
646,646,646,0
647,647,647,0
648,648,648,0
649,649,649,0
650,650,650,0
651,651,651,0
652,652,652,0
653,653,653,0
654,654,654,0
655,655,655,0
656,656,656,0
657,657,657,0
658,658,658,0
659,659,659,0
660,660,660,0
661,661,661,0
662,662,662,0
663,663,663,0
664,664,664,0
665,665,665,0
666,666,666,0
667,667,667,0
668,668,668,0
669,669,669,0
670,670,670,0
671,671,671,0
672,672,672,0
673,673,673,0
674,674,674,0
675,675,675,0
676,676,676,0
677,677,677,0
678,678,678,0
679,679,679,0
680,680,680,0
681,681,681,0
682,682,682,0
683,683,683,0
684,684,684,0
685,685,685,0
686,686,686,0
687,687,687,0
688,688,688,0
689,689,689,0
690,690,690,0
691,691,691,0
692,692,692,0
693,693,693,0
694,694,694,0
695,695,695,0
696,696,696,0
697,697,697,0
698,698,698,0
699,699,699,0
700,700,700,0
701,701,701,0
702,702,702,0
703,703,703,0
704,704,704,0
705,705,705,0
706,706,706,0
707,707,707,0
708,708,708,0
709,709,709,0
710,710,710,0
711,711,711,0
712,712,712,0
713,713,713,0
714,714,714,0
715,715,715,0
716,716,716,0
717,717,717,0
718,718,718,0
719,719,719,0
720,720,720,0
721,721,721,0
722,722,722,0
723,723,723,0
724,724,724,0
725,725,725,0
726,726,726,0
727,727,727,0
728,728,728,0
729,729,729,0
730,730,730,0
731,731,731,0
732,732,732,0
733,733,733,0
734,734,734,0
735,735,735,0
736,736,736,0
737,737,737,0
738,738,738,0
739,739,739,0
740,740,740,0
741,741,741,0
742,742,742,0
743,743,743,0
744,744,744,0
745,745,745,0
746,746,746,0
747,747,747,0
748,748,748,0
749,749,749,0
750,750,750,0
751,751,751,0
752,752,752,0
753,753,753,0
754,754,754,0
755,755,755,0
756,756,756,0
757,757,757,0
758,758,758,0
759,759,759,0
760,760,760,0
761,761,761,0
762,762,762,0
763,763,763,0
764,764,764,0
765,765,765,0
766,766,766,0
767,767,767,0
768,768,768,0
769,769,769,0
770,770,770,0
771,771,771,0
772,772,772,0
773,773,773,0
774,774,774,0
775,775,775,0
776,776,776,0
777,777,777,0
778,778,778,0
779,779,779,0
780,780,780,0
781,781,781,0
782,782,782,0
783,783,783,0
784,784,784,0
785,785,785,0
786,786,786,0
787,787,787,0
788,788,788,0
789,789,789,0
790,790,790,0
791,791,791,0
792,792,792,0
793,793,793,0
794,794,794,0
795,795,795,0
796,796,796,0
797,797,797,0
798,798,798,0
799,799,799,0
800,800,800,0
801,801,801,0
802,802,802,0
803,803,803,0
804,804,804,0
805,805,805,0
806,806,806,0
807,807,807,0
808,808,808,0
809,809,809,0
810,810,810,0
811,811,811,0
812,812,812,0
813,813,813,0
814,814,814,0
815,815,815,0
816,816,816,0
817,817,817,0
818,818,818,0
819,819,819,0
820,820,820,0
821,821,821,0
822,822,822,0
823,823,823,0
824,824,824,0
825,825,825,0
826,826,826,0
827,827,827,0
828,828,828,0
829,829,829,0
830,830,830,0
831,831,831,0
832,832,832,0
833,833,833,0
834,834,834,0
835,835,835,0
836,836,836,0
837,837,837,0
838,838,838,0
839,839,839,0
840,840,840,0
841,841,841,0
842,842,842,0
843,843,843,0
844,844,844,0
845,845,845,0
846,846,846,0
847,847,847,0
848,848,848,0
849,849,849,0
850,850,850,0
851,851,851,0
852,852,852,0
853,853,853,0
854,854,854,0
855,855,855,0
856,856,856,0
857,857,857,0
858,858,858,0
859,859,859,0
860,860,860,0
861,861,861,0
862,862,862,0
863,863,863,0
864,864,864,0
865,865,865,0
866,866,866,0
867,867,867,0
868,868,868,0
869,869,869,0
870,870,870,0
871,871,871,0
872,872,872,0
873,873,873,0
874,874,874,0
875,875,875,0
876,876,876,0
877,877,877,0
878,878,878,0
879,879,879,0
880,880,880,0
881,881,881,0
882,882,882,0
883,883,883,0
884,884,884,0
885,885,885,0
886,886,886,0
887,887,887,0
888,888,888,0
889,889,889,0
890,890,890,0
891,891,891,0
892,892,892,0
893,893,893,0
894,894,894,0
895,895,895,0
896,896,896,0
897,897,897,0
898,898,898,0
899,899,899,0
900,900,900,0
901,901,901,0
902,902,902,0
903,903,903,0
904,904,904,0
905,905,905,0
906,906,906,0
907,907,907,0
908,908,908,0
909,909,909,0
910,910,910,0
911,911,911,0
912,912,912,0
913,913,913,0
914,914,914,0
915,915,915,0
916,916,916,0
917,917,917,0
918,918,918,0
919,919,919,0
920,920,920,0
921,921,921,0
922,922,922,0
923,923,923,0
924,924,924,0
925,925,925,0
926,926,926,0
927,927,927,0
928,928,928,0
929,929,929,0
930,930,930,0
931,931,931,0
932,932,932,0
933,933,933,0
934,934,934,0
935,935,935,0
936,936,936,0
937,937,937,0
938,938,938,0
939,939,939,0
940,940,940,0
941,941,941,0
942,942,942,0
943,943,943,0
944,944,944,0
945,945,945,0
946,946,946,0
947,947,947,0
948,948,948,0
949,949,949,0
950,950,950,0
951,951,951,0
952,952,952,0
953,953,953,0
954,954,954,0
955,955,955,0
956,956,956,0
957,957,957,0
958,958,958,0
959,959,959,0
960,960,960,0
961,961,961,0
962,962,962,0
963,963,963,0
964,964,964,0
965,965,965,0
966,966,966,0
967,967,967,0
968,968,968,0
969,969,969,0
970,970,970,0
971,971,971,0
972,972,972,0
973,973,973,0
974,974,974,0
975,975,975,0
976,976,976,0
977,977,977,0
978,978,978,0
979,979,979,0
980,980,980,0
981,981,981,0
982,982,982,0
983,983,983,0
984,984,984,0
985,985,985,0
986,986,986,0
987,987,987,0
988,988,988,0
989,989,989,0
990,990,990,0
991,991,991,0
992,992,992,0
993,993,993,0
994,994,994,0
995,995,995,0
996,996,996,0
997,997,997,0
998,998,998,0
999,999,999,0
1000,1000,1000,0
1001,1001,1001,0
1002,1002,1002,0
1003,1003,1003,0
1004,1004,1004,0
1005,1005,1005,0
1006,1006,1006,0
1007,1007,1007,0
1008,1008,1008,0
1009,1009,1009,0
1010,1010,1010,0
1011,1011,1011,0
1012,1012,1012,0
1013,1013,1013,0
1014,1014,1014,0
1015,1015,1015,0
1016,1016,1016,0
1017,1017,1017,0
1018,1018,1018,0
1019,1019,1019,0
1020,1020,1020,0
1021,1021,1021,0
1022,1022,1022,0
1023,1023,1023,0
1024,1024,1024,0
1025,1025,1025,0
1026,1026,1026,0
1027,1027,1027,0
1028,1028,1028,0
1029,1029,1029,0
1030,1030,1030,0
1031,1031,1031,0
1032,1032,1032,0
1033,1033,1033,0
1034,1034,1034,0
1035,1035,1035,0
1036,1036,1036,0
1037,1037,1037,0
1038,1038,1038,0
1039,1039,1039,0
1040,1040,1040,0
1041,1041,1041,0
1042,1042,1042,0
1043,1043,1043,0
1044,1044,1044,0
1045,1045,1045,0
1046,1046,1046,0
1047,1047,1047,0
1048,1048,1048,0
1049,1049,1049,0
1050,1050,1050,0
1051,1051,1051,0
1052,1052,1052,0
1053,1053,1053,0
1054,1054,1054,0
1055,1055,1055,0
1056,1056,1056,0
1057,1057,1057,0
1058,1058,1058,0
1059,1059,1059,0
1060,1060,1060,0
1061,1061,1061,0
1062,1062,1062,0
1063,1063,1063,0
1064,1064,1064,0
1065,1065,1065,0
1066,1066,1066,0
1067,1067,1067,0
1068,1068,1068,0
1069,1069,1069,0
1070,1070,1070,0
1071,1071,1071,0
1072,1072,1072,0
1073,1073,1073,0
1074,1074,1074,0
1075,1075,1075,0
1076,1076,1076,0
1077,1077,1077,0
1078,1078,1078,0
1079,1079,1079,0
1080,1080,1080,0
1081,1081,1081,0
1082,1082,1082,0
1083,1083,1083,0
1084,1084,1084,0
1085,1085,1085,0
1086,1086,1086,0
1087,1087,1087,0
1088,1088,1088,0
1089,1089,1089,0
1090,1090,1090,0
1091,1091,1091,0
1092,1092,1092,0
1093,1093,1093,0
1094,1094,1094,0
1095,1095,1095,0
1096,1096,1096,0
1097,1097,1097,0
1098,1098,1098,0
1099,1099,1099,0
1100,1100,1100,0
1101,1101,1101,0
1102,1102,1102,0
1103,1103,1103,0
1104,1104,1104,0
1105,1105,1105,0
1106,1106,1106,0
1107,1107,1107,0
1108,1108,1108,0
1109,1109,1109,0
1110,1110,1110,0
1111,1111,1111,0
1112,1112,1112,0
1113,1113,1113,0
1114,1114,1114,0
1115,1115,1115,0
1116,1116,1116,0
1117,1117,1117,0
1118,1118,1118,0
1119,1119,1119,0
1120,1120,1120,0
1121,1121,1121,0
1122,1122,1122,0
1123,1123,1123,0
1124,1124,1124,0
1125,1125,1125,0
1126,1126,1126,0
1127,1127,1127,0
1128,1128,1128,0
1129,1129,1129,0
1130,1130,1130,0
1131,1131,1131,0
1132,1132,1132,0
1133,1133,1133,0
1134,1134,1134,0
1135,1135,1135,0
1136,1136,1136,0
1137,1137,1137,0
1138,1138,1138,0
1139,1139,1139,0
1140,1140,1140,0
1141,1141,1141,0
1142,1142,1142,0
1143,1143,1143,0
1144,1144,1144,0
1145,1145,1145,0
1146,1146,1146,0
1147,1147,1147,0
1148,1148,1148,0
1149,1149,1149,0
1150,1150,1150,0
1151,1151,1151,0
1152,1152,1152,0
1153,1153,1153,0
1154,1154,1154,0
1155,1155,1155,0
1156,1156,1156,0
1157,1157,1157,0
1158,1158,1158,0
1159,1159,1159,0
1160,1160,1160,0
1161,1161,1161,0
1162,1162,1162,0
1163,1163,1163,0
1164,1164,1164,0
1165,1165,1165,0
1166,1166,1166,0
1167,1167,1167,0
1168,1168,1168,0
1169,1169,1169,0
1170,1170,1170,0
1171,1171,1171,0
1172,1172,1172,0
1173,1173,1173,0
1174,1174,1174,0
1175,1175,1175,0
1176,1176,1176,0
1177,1177,1177,0
1178,1178,1178,0
1179,1179,1179,0
1180,1180,1180,0
1181,1181,1181,0
1182,1182,1182,0
1183,1183,1183,0
1184,1184,1184,0
1185,1185,1185,0
1186,1186,1186,0
1187,1187,1187,0
1188,1188,1188,0
1189,1189,1189,0
1190,1190,1190,0
1191,1191,1191,0
1192,1192,1192,0
1193,1193,1193,0
1194,1194,1194,0
1195,1195,1195,0
1196,1196,1196,0
1197,1197,1197,0
1198,1198,1198,0
1199,1199,1199,0
1200,1200,1200,0
1201,1201,1201,0
1202,1202,1202,0
1203,1203,1203,0
1204,1204,1204,0
1205,1205,1205,0
1206,1206,1206,0
1207,1207,1207,0
1208,1208,1208,0
1209,1209,1209,0
1210,1210,1210,0
1211,1211,1211,0
1212,1212,1212,0
1213,1213,1213,0
1214,1214,1214,0
1215,1215,1215,0
1216,1216,1216,0
1217,1217,1217,0
1218,1218,1218,0
1219,1219,1219,0
1220,1220,1220,0
1221,1221,1221,0
1222,1222,1222,0
1223,1223,1223,0
1224,1224,1224,0
1225,1225,1225,0
1226,1226,1226,0
1227,1227,1227,0
1228,1228,1228,0
1229,1229,1229,0
1230,1230,1230,0
1231,1231,1231,0
1232,1232,1232,0
1233,1233,1233,0
1234,1234,1234,0
1235,1235,1235,0
1236,1236,1236,0
1237,1237,1237,0
1238,1238,1238,0
1239,1239,1239,0
1240,1240,1240,0
1241,1241,1241,0
1242,1242,1242,0
1243,1243,1243,0
1244,1244,1244,0
1245,1245,1245,0
1246,1246,1246,0
1247,1247,1247,0
1248,1248,1248,0
1249,1249,1249,0
1250,1250,1250,0
1251,1251,1251,0
1252,1252,1252,0
1253,1253,1253,0
1254,1254,1254,0
1255,1255,1255,0
1256,1256,1256,0
1257,1257,1257,0
1258,1258,1258,0
1259,1259,1259,0
1260,1260,1260,0
1261,1261,1261,0
1262,1262,1262,0
1263,1263,1263,0
1264,1264,1264,0
1265,1265,1265,0
1266,1266,1266,0
1267,1267,1267,0
1268,1268,1268,0
1269,1269,1269,0
1270,1270,1270,0
1271,1271,1271,0
1272,1272,1272,0
1273,1273,1273,0
1274,1274,1274,0
1275,1275,1275,0
1276,1276,1276,0
1277,1277,1277,0
1278,1278,1278,0
1279,1279,1279,0
1280,1280,1280,0
1281,1281,1281,0
1282,1282,1282,0
1283,1283,1283,0
1284,1284,1284,0
1285,1285,1285,0
1286,1286,1286,0
1287,1287,1287,0
1288,1288,1288,0
1289,1289,1289,0
1290,1290,1290,0
1291,1291,1291,0
1292,1292,1292,0
1293,1293,1293,0
1294,1294,1294,0
1295,1295,1295,0
1296,1296,1296,0
1297,1297,1297,0
1298,1298,1298,0
1299,1299,1299,0
1300,1300,1300,0
1301,1301,1301,0
1302,1302,1302,0
1303,1303,1303,0
1304,1304,1304,0
1305,1305,1305,0
1306,1306,1306,0
1307,1307,1307,0
1308,1308,1308,0
1309,1309,1309,0
1310,1310,1310,0
1311,1311,1311,0
1312,1312,1312,0
1313,1313,1313,0
1314,1314,1314,0
1315,1315,1315,0
1316,1316,1316,0
1317,1317,1317,0
1318,1318,1318,0
1319,1319,1319,0
1320,1320,1320,0
1321,1321,1321,0
1322,1322,1322,0
1323,1323,1323,0
1324,1324,1324,0
1325,1325,1325,0
1326,1326,1326,0
1327,1,14,1
1328,1,15,1
1329,1,16,1
1330,1,17,1
1331,1,18,1
1332,1,19,1
1333,1,20,1
1334,1,21,1
1335,1,22,1
1336,1,23,1
1337,1,24,1
1338,1,25,1
1339,1,26,1
1340,1,27,1
1341,1,28,1
1342,1,29,1
1343,1,30,1
1344,1,31,1
1345,1,32,1
1346,2,33,1
1347,2,34,1
1348,2,35,1
1349,2,36,1
1350,2,37,1
1351,2,38,1
1352,2,39,1
1353,2,40,1
1354,2,41,1
1355,2,42,1
1356,2,43,1
1357,2,44,1
1358,2,45,1
1359,2,46,1
1360,3,47,1
1361,3,48,1
1362,3,49,1
1363,3,50,1
1364,3,51,1
1365,3,52,1
1366,3,53,1
1367,3,54,1
1368,3,55,1
1369,3,56,1
1370,3,57,1
1371,3,58,1
1372,3,59,1
1373,3,60,1
1374,3,61,1
1375,4,62,1
1376,4,63,1
1377,4,64,1
1378,4,65,1
1379,4,66,1
1380,4,67,1
1381,4,68,1
1382,4,69,1
1383,4,70,1
1384,4,71,1
1385,4,72,1
1386,4,73,1
1387,4,74,1
1388,5,75,1
1389,5,76,1
1390,5,77,1
1391,5,78,1
1392,5,79,1
1393,5,80,1
1394,5,81,1
1395,6,82,1
1396,6,83,1
1397,6,84,1
1398,6,85,1
1399,6,86,1
1400,6,87,1
1401,6,88,1
1402,6,89,1
1403,6,90,1
1404,6,91,1
1405,6,92,1
1406,7,93,1
1407,7,94,1
1408,7,95,1
1409,7,96,1
1410,7,97,1
1411,7,98,1
1412,7,99,1
1413,7,100,1
1414,7,101,1
1415,7,102,1
1416,7,103,1
1417,8,104,1
1418,8,105,1
1419,8,106,1
1420,8,107,1
1421,8,108,1
1422,8,109,1
1423,8,110,1
1424,8,111,1
1425,8,112,1
1426,8,113,1
1427,9,114,1
1428,9,115,1
1429,9,116,1
1430,9,117,1
1431,9,118,1
1432,9,119,1
1433,9,120,1
1434,9,121,1
1435,9,122,1
1436,9,123,1
1437,9,124,1
1438,9,125,1
1439,10,126,1
1440,10,127,1
1441,10,128,1
1442,10,129,1
1443,10,130,1
1444,10,131,1
1445,10,132,1
1446,10,133,1
1447,10,134,1
1448,11,135,1
1449,11,136,1
1450,11,137,1
1451,11,138,1
1452,11,139,1
1453,11,140,1
1454,11,141,1
1455,11,142,1
1456,12,143,1
1457,12,144,1
1458,12,145,1
1459,12,146,1
1460,12,147,1
1461,12,148,1
1462,12,149,1
1463,13,150,1
1464,13,151,1
1465,13,152,1
1466,13,153,1
1467,13,154,1
1468,13,155,1
1469,13,156,1
1470,13,157,1
1471,13,158,1
1472,14,159,1
1473,14,160,1
1474,14,161,1
1475,14,162,1
1476,14,163,1
1477,14,164,1
1478,14,165,1
1479,14,166,1
1480,14,167,1
1481,14,168,1
1482,14,169,1
1483,14,170,1
1484,14,171,1
1485,14,172,1
1486,14,173,1
1487,14,174,1
1488,14,175,1
1489,14,176,1
1490,15,177,1
1491,15,178,1
1492,15,179,1
1493,15,180,1
1494,15,181,1
1495,15,182,1
1496,15,183,1
1497,15,184,1
1498,15,185,1
1499,15,186,1
1500,15,187,1
1501,15,188,1
1502,15,189,1
1503,15,190,1
1504,15,191,1
1505,15,192,1
1506,15,193,1
1507,15,194,1
1508,15,195,1
1509,15,196,1
1510,15,197,1
1511,16,198,1
1512,16,199,1
1513,16,200,1
1514,16,201,1
1515,16,202,1
1516,16,203,1
1517,16,204,1
1518,16,205,1
1519,16,206,1
1520,16,207,1
1521,16,208,1
1522,16,209,1
1523,17,210,1
1524,17,211,1
1525,17,212,1
1526,17,213,1
1527,17,214,1
1528,18,215,1
1529,18,216,1
1530,18,217,1
1531,18,218,1
1532,19,219,1
1533,19,220,1
1534,19,221,1
1535,19,222,1
1536,19,223,1
1537,19,224,1
1538,19,225,1
1539,19,226,1
1540,19,227,1
1541,19,228,1
1542,20,229,1
1543,20,230,1
1544,21,231,1
1545,21,232,1
1546,21,233,1
1547,21,234,1
1548,21,235,1
1549,22,236,1
1550,22,237,1
1551,22,238,1
1552,22,239,1
1553,22,240,1
1554,22,241,1
1555,22,242,1
1556,23,243,1
1557,23,244,1
1558,23,245,1
1559,23,246,1
1560,23,247,1
1561,23,248,1
1562,23,249,1
1563,23,250,1
1564,23,251,1
1565,23,252,1
1566,23,253,1
1567,23,254,1
1568,23,255,1
1569,23,256,1
1570,23,257,1
1571,23,258,1
1572,23,259,1
1573,23,260,1
1574,24,261,1
1575,24,262,1
1576,24,263,1
1577,24,264,1
1578,24,265,1
1579,24,266,1
1580,24,267,1
1581,24,268,1
1582,24,269,1
1583,24,270,1
1584,24,271,1
1585,25,272,1
1586,25,273,1
1587,25,274,1
1588,25,275,1
1589,26,276,1
1590,26,277,1
1591,26,278,1
1592,26,279,1
1593,26,280,1
1594,26,281,1
1595,26,282,1
1596,26,283,1
1597,26,284,1
1598,26,285,1
1599,26,286,1
1600,26,287,1
1601,26,288,1
1602,26,289,1
1603,26,290,1
1604,26,291,1
1605,26,292,1
1606,26,293,1
1607,26,294,1
1608,26,295,1
1609,26,296,1
1610,26,297,1
1611,26,298,1
1612,27,299,1
1613,27,300,1
1614,27,301,1
1615,27,302,1
1616,27,303,1
1617,27,304,1
1618,28,305,1
1619,28,306,1
1620,28,307,1
1621,28,308,1
1622,28,309,1
1623,28,310,1
1624,29,311,1
1625,29,312,1
1626,29,313,1
1627,29,314,1
1628,29,315,1
1629,29,316,1
1630,29,317,1
1631,29,318,1
1632,30,319,1
1633,30,320,1
1634,30,321,1
1635,30,322,1
1636,30,323,1
1637,30,324,1
1638,30,325,1
1639,31,326,1
1640,31,327,1
1641,31,328,1
1642,31,329,1
1643,31,330,1
1644,31,331,1
1645,31,332,1
1646,31,333,1
1647,31,334,1
1648,32,335,1
1649,32,336,1
1650,32,337,1
1651,33,338,1
1652,33,339,1
1653,33,340,1
1654,33,341,1
1655,33,342,1
1656,33,343,1
1657,33,344,1
1658,33,345,1
1659,33,346,1
1660,33,347,1
1661,33,348,1
1662,33,349,1
1663,34,350,1
1664,34,351,1
1665,34,352,1
1666,34,353,1
1667,34,354,1
1668,34,355,1
1669,34,356,1
1670,34,357,1
1671,34,358,1
1672,34,359,1
1673,34,360,1
1674,34,361,1
1675,34,362,1
1676,34,363,1
1677,34,364,1
1678,34,365,1
1679,34,366,1
1680,34,367,1
1681,34,368,1
1682,34,369,1
1683,34,370,1
1684,34,371,1
1685,34,372,1
1686,35,373,1
1687,35,374,1
1688,35,375,1
1689,35,376,1
1690,35,377,1
1691,35,378,1
1692,35,379,1
1693,35,380,1
1694,35,381,1
1695,36,382,1
1696,36,383,1
1697,36,384,1
1698,36,385,1
1699,36,386,1
1700,36,387,1
1701,36,388,1
1702,36,389,1
1703,37,390,1
1704,37,391,1
1705,37,392,1
1706,37,393,1
1707,37,394,1
1708,37,395,1
1709,37,396,1
1710,37,397,1
1711,37,398,1
1712,37,399,1
1713,37,400,1
1714,37,401,1
1715,38,402,1
1716,38,403,1
1717,38,404,1
1718,38,405,1
1719,38,406,1
1720,39,407,1
1721,39,408,1
1722,39,409,1
1723,39,410,1
1724,39,411,1
1725,39,412,1
1726,39,413,1
1727,40,414,1
1728,40,415,1
1729,40,416,1
1730,40,417,1
1731,40,418,1
1732,40,419,1
1733,40,420,1
1734,40,421,1
1735,41,422,1
1736,41,423,1
1737,41,424,1
1738,41,425,1
1739,41,426,1
1740,41,427,1
1741,41,428,1
1742,41,429,1
1743,41,430,1
1744,41,431,1
1745,41,432,1
1746,41,433,1
1747,41,434,1
1748,41,435,1
1749,41,436,1
1750,41,437,1
1751,41,438,1
1752,41,439,1
1753,41,440,1
1754,41,441,1
1755,41,442,1
1756,41,443,1
1757,41,444,1
1758,41,445,1
1759,41,446,1
1760,41,447,1
1761,41,448,1
1762,41,449,1
1763,41,450,1
1764,42,451,1
1765,42,452,1
1766,42,453,1
1767,42,454,1
1768,42,455,1
1769,42,456,1
1770,43,457,1
1771,43,458,1
1772,43,459,1
1773,43,460,1
1774,44,461,1
1775,44,462,1
1776,44,463,1
1777,44,464,1
1778,45,465,1
1779,45,466,1
1780,45,467,1
1781,47,468,1
1782,47,469,1
1783,47,470,1
1784,47,471,1
1785,47,472,1
1786,47,473,1
1787,47,474,1
1788,47,475,1
1789,47,476,1
1790,47,477,1
1791,47,478,1
1792,48,479,1
1793,48,480,1
1794,48,481,1
1795,48,482,1
1796,48,483,1
1797,48,484,1
1798,48,485,1
1799,48,486,1
1800,49,487,1
1801,49,488,1
1802,49,489,1
1803,49,490,1
1804,49,491,1
1805,49,492,1
1806,49,493,1
1807,49,494,1
1808,50,495,1
1809,50,496,1
1810,50,497,1
1811,50,498,1
1812,50,499,1
1813,50,500,1
1814,50,501,1
1815,50,502,1
1816,50,503,1
1817,50,504,1
1818,50,505,1
1819,50,506,1
1820,50,507,1
1821,50,508,1
1822,50,509,1
1823,50,510,1
1824,50,511,1
1825,50,512,1
1826,51,513,1
1827,51,514,1
1828,51,515,1
1829,51,516,1
1830,51,517,1
1831,51,518,1
1832,51,519,1
1833,51,520,1
1834,51,521,1
1835,51,522,1
1836,51,523,1
1837,51,524,1
1838,51,525,1
1839,51,526,1
1840,52,527,1
1841,52,528,1
1842,52,529,1
1843,52,530,1
1844,52,531,1
1845,52,532,1
1846,52,533,1
1847,52,534,1
1848,53,535,1
1849,53,536,1
1850,53,537,1
1851,53,538,1
1852,53,539,1
1853,54,540,1
1854,54,541,1
1855,54,542,1
1856,54,543,1
1857,54,544,1
1858,54,545,1
1859,54,546,1
1860,54,547,1
1861,54,548,1
1862,54,549,1
1863,54,550,1
1864,54,551,1
1865,54,552,1
1866,54,553,1
1867,55,554,1
1868,55,555,1
1869,55,556,1
1870,55,557,1
1871,55,558,1
1872,55,559,1
1873,56,560,1
1874,56,561,1
1875,56,562,1
1876,56,563,1
1877,57,564,1
1878,57,565,1
1879,57,566,1
1880,57,567,1
1881,58,568,1
1882,58,569,1
1883,58,570,1
1884,58,571,1
1885,58,572,1
1886,59,573,1
1887,59,574,1
1888,59,575,1
1889,59,576,1
1890,59,577,1
1891,59,578,1
1892,59,579,1
1893,60,580,1
1894,60,581,1
1895,60,582,1
1896,60,583,1
1897,60,584,1
1898,61,585,1
1899,61,586,1
1900,62,587,1
1901,62,588,1
1902,62,589,1
1903,62,590,1
1904,62,591,1
1905,62,592,1
1906,62,593,1
1907,62,594,1
1908,62,595,1
1909,62,596,1
1910,62,597,1
1911,63,598,1
1912,63,599,1
1913,63,600,1
1914,63,601,1
1915,63,602,1
1916,63,603,1
1917,63,604,1
1918,63,605,1
1919,63,606,1
1920,63,607,1
1921,63,608,1
1922,63,609,1
1923,63,610,1
1924,63,611,1
1925,64,612,1
1926,64,613,1
1927,64,614,1
1928,64,615,1
1929,64,616,1
1930,64,617,1
1931,64,618,1
1932,64,619,1
1933,64,620,1
1934,64,621,1
1935,64,622,1
1936,64,623,1
1937,64,624,1
1938,65,625,1
1939,65,626,1
1940,65,627,1
1941,65,628,1
1942,65,629,1
1943,65,630,1
1944,65,631,1
1945,65,632,1
1946,65,633,1
1947,66,634,1
1948,66,635,1
1949,66,636,1
1950,66,637,1
1951,66,638,1
1952,66,639,1
1953,66,640,1
1954,66,641,1
1955,66,642,1
1956,66,643,1
1957,67,644,1
1958,67,645,1
1959,67,646,1
1960,67,647,1
1961,67,648,1
1962,67,649,1
1963,67,650,1
1964,67,651,1
1965,67,652,1
1966,67,653,1
1967,67,654,1
1968,67,655,1
1969,68,656,1
1970,68,657,1
1971,68,658,1
1972,68,659,1
1973,68,660,1
1974,68,661,1
1975,69,662,1
1976,69,663,1
1977,69,664,1
1978,69,665,1
1979,69,666,1
1980,70,667,1
1981,70,668,1
1982,70,669,1
1983,70,670,1
1984,71,671,1
1985,71,672,1
1986,71,673,1
1987,71,674,1
1988,72,675,1
1989,72,676,1
1990,72,677,1
1991,72,678,1
1992,72,679,1
1993,72,680,1
1994,72,681,1
1995,72,682,1
1996,72,683,1
1997,72,684,1
1998,72,685,1
1999,72,686,1
2000,72,687,1
2001,72,688,1
2002,72,689,1
2003,72,690,1
2004,72,691,1
2005,72,692,1
2006,72,693,1
2007,72,694,1
2008,72,695,1
2009,72,696,1
2010,72,697,1
2011,73,698,1
2012,73,699,1
2013,73,700,1
2014,73,701,1
2015,73,702,1
2016,73,703,1
2017,73,704,1
2018,73,705,1
2019,73,706,1
2020,73,707,1
2021,73,708,1
2022,73,709,1
2023,73,710,1
2024,73,711,1
2025,73,712,1
2026,73,713,1
2027,75,714,1
2028,75,715,1
2029,75,716,1
2030,75,717,1
2031,75,718,1
2032,75,719,1
2033,75,720,1
2034,75,721,1
2035,75,722,1
2036,75,723,1
2037,75,724,1
2038,75,725,1
2039,75,726,1
2040,75,727,1
2041,76,728,1
2042,76,729,1
2043,76,730,1
2044,76,731,1
2045,76,732,1
2046,76,733,1
2047,76,734,1
2048,77,735,1
2049,77,736,1
2050,77,737,1
2051,77,738,1
2052,77,739,1
2053,78,740,1
2054,78,741,1
2055,78,742,1
2056,78,743,1
2057,78,744,1
2058,78,745,1
2059,78,746,1
2060,79,747,1
2061,79,748,1
2062,79,749,1
2063,79,750,1
2064,79,751,1
2065,79,752,1
2066,79,753,1
2067,79,754,1
2068,79,755,1
2069,80,756,1
2070,80,757,1
2071,80,758,1
2072,81,759,1
2073,81,760,1
2074,81,761,1
2075,81,762,1
2076,81,763,1
2077,81,764,1
2078,82,765,1
2079,82,766,1
2080,82,767,1
2081,82,768,1
2082,82,769,1
2083,82,770,1
2084,82,771,1
2085,82,772,1
2086,82,773,1
2087,82,774,1
2088,83,775,1
2089,83,776,1
2090,83,777,1
2091,83,778,1
2092,83,779,1
2093,84,780,1
2094,84,781,1
2095,84,782,1
2096,84,783,1
2097,84,784,1
2098,84,785,1
2099,84,786,1
2100,84,787,1
2101,85,788,1
2102,85,789,1
2103,85,790,1
2104,85,791,1
2105,85,792,1
2106,85,793,1
2107,85,794,1
2108,85,795,1
2109,85,796,1
2110,85,797,1
2111,85,798,1
2112,85,799,1
2113,85,800,1
2114,85,801,1
2115,86,802,1
2116,86,803,1
2117,86,804,1
2118,86,805,1
2119,86,806,1
2120,86,807,1
2121,86,808,1
2122,86,809,1
2123,87,810,1
2124,87,811,1
2125,87,812,1
2126,87,813,1
2127,87,814,1
2128,87,815,1
2129,87,816,1
2130,87,817,1
2131,87,818,1
2132,87,819,1
2133,87,820,1
2134,87,821,1
2135,87,822,1
2136,87,823,1
2137,87,824,1
2138,88,825,1
2139,88,826,1
2140,88,827,1
2141,88,828,1
2142,88,829,1
2143,88,830,1
2144,89,831,1
2145,89,832,1
2146,89,833,1
2147,90,834,1
2148,90,835,1
2149,90,836,1
2150,90,837,1
2151,90,838,1
2152,90,839,1
2153,90,840,1
2154,90,841,1
2155,90,842,1
2156,90,843,1
2157,91,844,1
2158,91,845,1
2159,91,846,1
2160,92,847,1
2161,92,848,1
2162,92,849,1
2163,92,850,1
2164,92,851,1
2165,92,852,1
2166,92,853,1
2167,92,854,1
2168,92,855,1
2169,92,856,1
2170,92,857,1
2171,92,858,1
2172,92,859,1
2173,92,860,1
2174,92,861,1
2175,92,862,1
2176,92,863,1
2177,92,864,1
2178,92,865,1
2179,93,866,1
2180,93,867,1
2181,93,868,1
2182,93,869,1
2183,93,870,1
2184,93,871,1
2185,93,872,1
2186,93,873,1
2187,93,874,1
2188,94,875,1
2189,94,876,1
2190,94,877,1
2191,94,878,1
2192,94,879,1
2193,94,880,1
2194,94,881,1
2195,94,882,1
2196,94,883,1
2197,94,884,1
2198,94,885,1
2199,94,886,1
2200,94,887,1
2201,94,888,1
2202,94,889,1
2203,94,890,1
2204,95,891,1
2205,95,892,1
2206,95,893,1
2207,95,894,1
2208,95,895,1
2209,95,896,1
2210,95,897,1
2211,95,898,1
2212,95,899,1
2213,96,900,1
2214,96,901,1
2215,96,902,1
2216,96,903,1
2217,96,904,1
2218,97,905,1
2219,97,906,1
2220,97,907,1
2221,97,908,1
2222,97,909,1
2223,97,910,1
2224,97,911,1
2225,97,912,1
2226,97,913,1
2227,97,914,1
2228,97,915,1
2229,97,916,1
2230,97,917,1
2231,97,918,1
2232,98,919,1
2233,98,920,1
2234,98,921,1
2235,98,922,1
2236,98,923,1
2237,98,924,1
2238,98,925,1
2239,98,926,1
2240,99,927,1
2241,99,928,1
2242,99,929,1
2243,99,930,1
2244,99,931,1
2245,99,932,1
2246,99,933,1
2247,99,934,1
2248,99,935,1
2249,100,936,1
2250,100,937,1
2251,100,938,1
2252,101,939,1
2253,101,940,1
2254,101,941,1
2255,101,942,1
2256,101,943,1
2257,101,944,1
2258,102,945,1
2259,102,946,1
2260,102,947,1
2261,102,948,1
2262,102,949,1
2263,103,950,1
2264,103,951,1
2265,103,952,1
2266,103,953,1
2267,104,954,1
2268,104,955,1
2269,104,956,1
2270,104,957,1
2271,104,958,1
2272,105,959,1
2273,105,960,1
2274,105,961,1
2275,105,962,1
2276,105,963,1
2277,105,964,1
2278,105,965,1
2279,105,966,1
2280,106,967,1
2281,106,968,1
2282,106,969,1
2283,106,970,1
2284,106,971,1
2285,106,972,1
2286,106,973,1
2287,106,974,1
2288,107,975,1
2289,107,976,1
2290,107,977,1
2291,107,978,1
2292,107,979,1
2293,107,980,1
2294,107,981,1
2295,108,982,1
2296,108,983,1
2297,108,984,1
2298,108,985,1
2299,108,986,1
2300,108,987,1
2301,108,988,1
2302,108,989,1
2303,109,990,1
2304,109,991,1
2305,109,992,1
2306,109,993,1
2307,109,994,1
2308,109,995,1
2309,109,996,1
2310,109,997,1
2311,110,998,1
2312,110,999,1
2313,110,1000,1
2314,110,1001,1
2315,110,1002,1
2316,110,1003,1
2317,111,1004,1
2318,111,1005,1
2319,111,1006,1
2320,111,1007,1
2321,111,1008,1
2322,111,1009,1
2323,111,1010,1
2324,111,1011,1
2325,111,1012,1
2326,111,1013,1
2327,111,1014,1
2328,111,1015,1
2329,111,1016,1
2330,112,1017,1
2331,112,1018,1
2332,112,1019,1
2333,112,1020,1
2334,112,1021,1
2335,112,1022,1
2336,112,1023,1
2337,112,1024,1
2338,112,1025,1
2339,112,1026,1
2340,112,1027,1
2341,113,1028,1
2342,114,1029,1
2343,114,1030,1
2344,114,1031,1
2345,114,1032,1
2346,114,1033,1
2347,114,1034,1
2348,114,1035,1
2349,114,1036,1
2350,115,1037,1
2351,115,1038,1
2352,115,1039,1
2353,115,1040,1
2354,115,1041,1
2355,115,1042,1
2356,116,1043,1
2357,116,1044,1
2358,116,1045,1
2359,116,1046,1
2360,116,1047,1
2361,116,1048,1
2362,116,1049,1
2363,117,1050,1
2364,117,1051,1
2365,117,1052,1
2366,117,1053,1
2367,117,1054,1
2368,118,1055,1
2369,118,1056,1
2370,118,1057,1
2371,118,1058,1
2372,118,1059,1
2373,118,1060,1
2374,118,1061,1
2375,118,1062,1
2376,118,1063,1
2377,118,1064,1
2378,119,1065,1
2379,119,1066,1
2380,119,1067,1
2381,119,1068,1
2382,119,1069,1
2383,119,1070,1
2384,119,1071,1
2385,120,1072,1
2386,120,1073,1
2387,120,1074,1
2388,120,1075,1
2389,120,1076,1
2390,120,1077,1
2391,120,1078,1
2392,120,1079,1
2393,120,1080,1
2394,121,1081,1
2395,121,1082,1
2396,121,1083,1
2397,121,1084,1
2398,121,1085,1
2399,121,1086,1
2400,121,1087,1
2401,121,1088,1
2402,121,1089,1
2403,121,1090,1
2404,121,1091,1
2405,122,1092,1
2406,122,1093,1
2407,122,1094,1
2408,122,1095,1
2409,122,1096,1
2410,122,1097,1
2411,122,1098,1
2412,122,1099,1
2413,122,1100,1
2414,122,1101,1
2415,123,1102,1
2416,123,1103,1
2417,123,1104,1
2418,123,1105,1
2419,123,1106,1
2420,123,1107,1
2421,123,1108,1
2422,123,1109,1
2423,123,1110,1
2424,123,1111,1
2425,123,1112,1
2426,123,1113,1
2427,124,1114,1
2428,124,1115,1
2429,124,1116,1
2430,124,1117,1
2431,124,1118,1
2432,124,1119,1
2433,124,1120,1
2434,124,1121,1
2435,124,1122,1
2436,125,1123,1
2437,125,1124,1
2438,126,1125,1
2439,126,1126,1
2440,126,1127,1
2441,126,1128,1
2442,126,1129,1
2443,126,1130,1
2444,126,1131,1
2445,126,1132,1
2446,126,1133,1
2447,127,1134,1
2448,127,1135,1
2449,127,1136,1
2450,127,1137,1
2451,127,1138,1
2452,127,1139,1
2453,128,1140,1
2454,128,1141,1
2455,128,1142,1
2456,128,1143,1
2457,129,1144,1
2458,129,1145,1
2459,129,1146,1
2460,129,1147,1
2461,129,1148,1
2462,129,1149,1
2463,129,1150,1
2464,130,1151,1
2465,130,1152,1
2466,130,1153,1
2467,131,1154,1
2468,131,1155,1
2469,131,1156,1
2470,131,1157,1
2471,131,1158,1
2472,132,1159,1
2473,132,1160,1
2474,132,1161,1
2475,132,1162,1
2476,133,1163,1
2477,133,1164,1
2478,133,1165,1
2479,135,1166,1
2480,135,1167,1
2481,135,1168,1
2482,135,1169,1
2483,135,1170,1
2484,135,1171,1
2485,135,1172,1
2486,135,1173,1
2487,136,1174,1
2488,136,1175,1
2489,136,1176,1
2490,136,1177,1
2491,136,1178,1
2492,136,1179,1
2493,136,1180,1
2494,136,1181,1
2495,136,1182,1
2496,136,1183,1
2497,136,1184,1
2498,137,1185,1
2499,137,1186,1
2500,137,1187,1
2501,137,1188,1
2502,137,1189,1
2503,137,1190,1
2504,137,1191,1
2505,137,1192,1
2506,137,1193,1
2507,138,1194,1
2508,138,1195,1
2509,138,1196,1
2510,138,1197,1
2511,139,1198,1
2512,139,1199,1
2513,139,1200,1
2514,140,1201,1
2515,140,1202,1
2516,140,1203,1
2517,140,1204,1
2518,140,1205,1
2519,140,1206,1
2520,140,1207,1
2521,140,1208,1
2522,140,1209,1
2523,140,1210,1
2524,141,1211,1
2525,141,1212,1
2526,141,1213,1
2527,141,1214,1
2528,141,1215,1
2529,143,1216,1
2530,143,1217,1
2531,144,1218,1
2532,144,1219,1
2533,144,1220,1
2534,144,1221,1
2535,145,1222,1
2536,145,1223,1
2537,145,1224,1
2538,145,1225,1
2539,145,1226,1
2540,145,1227,1
2541,145,1228,1
2542,145,1229,1
2543,145,1230,1
2544,145,1231,1
2545,145,1232,1
2546,145,1233,1
2547,145,1234,1
2548,145,1235,1
2549,146,1236,1
2550,146,1237,1
2551,146,1238,1
2552,146,1239,1
2553,146,1240,1
2554,146,1241,1
2555,146,1242,1
2556,146,1243,1
2557,146,1244,1
2558,146,1245,1
2559,146,1246,1
2560,146,1247,1
2561,148,1248,1
2562,148,1249,1
2563,148,1250,1
2564,148,1251,1
2565,148,1252,1
2566,148,1253,1
2567,148,1254,1
2568,148,1255,1
2569,148,1256,1
2570,148,1257,1
2571,148,1258,1
2572,148,1259,1
2573,148,1260,1
2574,148,1261,1
2575,148,1262,1
2576,148,1263,1
2577,149,1264,1
2578,149,1265,1
2579,149,1266,1
2580,149,1267,1
2581,149,1268,1
2582,149,1269,1
2583,151,1270,1
2584,151,1271,1
2585,151,1272,1
2586,151,1273,1
2587,151,1274,1
2588,151,1275,1
2589,151,1276,1
2590,151,1277,1
2591,151,1278,1
2592,151,1279,1
2593,152,1280,1
2594,152,1281,1
2595,152,1282,1
2596,152,1283,1
2597,152,1284,1
2598,152,1285,1
2599,152,1286,1
2600,152,1287,1
2601,152,1288,1
2602,153,1289,1
2603,153,1290,1
2604,153,1291,1
2605,153,1292,1
2606,153,1293,1
2607,153,1294,1
2608,153,1295,1
2609,153,1296,1
2610,153,1297,1
2611,153,1298,1
2612,153,1299,1
2613,154,1300,1
2614,154,1301,1
2615,154,1302,1
2616,154,1303,1
2617,154,1304,1
2618,154,1305,1
2619,155,1306,1
2620,155,1307,1
2621,155,1308,1
2622,155,1309,1
2623,155,1310,1
2624,156,1311,1
2625,156,1312,1
2626,156,1313,1
2627,156,1314,1
2628,156,1315,1
2629,156,1316,1
2630,156,1317,1
2631,156,1318,1
2632,156,1319,1
2633,156,1320,1
2634,157,1321,1
2635,157,1322,1
2636,157,1323,1
2637,157,1324,1
2638,157,1325,1
2639,157,1326,1
2640,1,159,2
2641,1,160,2
2642,1,161,2
2643,1,162,2
2644,1,163,2
2645,1,164,2
2646,1,165,2
2647,1,166,2
2648,1,167,2
2649,1,168,2
2650,1,169,2
2651,1,170,2
2652,1,171,2
2653,1,172,2
2654,1,173,2
2655,1,174,2
2656,1,175,2
2657,1,176,2
2658,1,177,2
2659,1,178,2
2660,1,179,2
2661,1,180,2
2662,1,181,2
2663,1,182,2
2664,1,183,2
2665,1,184,2
2666,1,185,2
2667,1,186,2
2668,1,187,2
2669,1,188,2
2670,1,189,2
2671,1,190,2
2672,1,191,2
2673,1,192,2
2674,1,193,2
2675,1,194,2
2676,1,195,2
2677,1,196,2
2678,1,197,2
2679,1,198,2
2680,1,199,2
2681,1,200,2
2682,1,201,2
2683,1,202,2
2684,1,203,2
2685,1,204,2
2686,1,205,2
2687,1,206,2
2688,1,207,2
2689,1,208,2
2690,1,209,2
2691,1,210,2
2692,1,211,2
2693,1,212,2
2694,1,213,2
2695,1,214,2
2696,1,215,2
2697,1,216,2
2698,1,217,2
2699,1,218,2
2700,1,219,2
2701,1,220,2
2702,1,221,2
2703,1,222,2
2704,1,223,2
2705,1,224,2
2706,1,225,2
2707,1,226,2
2708,1,227,2
2709,1,228,2
2710,1,229,2
2711,1,230,2
2712,1,231,2
2713,1,232,2
2714,1,233,2
2715,1,234,2
2716,1,235,2
2717,1,236,2
2718,1,237,2
2719,1,238,2
2720,1,239,2
2721,1,240,2
2722,1,241,2
2723,1,242,2
2724,1,243,2
2725,1,244,2
2726,1,245,2
2727,1,246,2
2728,1,247,2
2729,1,248,2
2730,1,249,2
2731,1,250,2
2732,1,251,2
2733,1,252,2
2734,1,253,2
2735,1,254,2
2736,1,255,2
2737,1,256,2
2738,1,257,2
2739,1,258,2
2740,1,259,2
2741,1,260,2
2742,1,261,2
2743,1,262,2
2744,1,263,2
2745,1,264,2
2746,1,265,2
2747,1,266,2
2748,1,267,2
2749,1,268,2
2750,1,269,2
2751,1,270,2
2752,1,271,2
2753,1,272,2
2754,1,273,2
2755,1,274,2
2756,1,275,2
2757,1,276,2
2758,1,277,2
2759,1,278,2
2760,1,279,2
2761,1,280,2
2762,1,281,2
2763,1,282,2
2764,1,283,2
2765,1,284,2
2766,1,285,2
2767,1,286,2
2768,1,287,2
2769,1,288,2
2770,1,289,2
2771,1,290,2
2772,1,291,2
2773,1,292,2
2774,1,293,2
2775,1,294,2
2776,1,295,2
2777,1,296,2
2778,1,297,2
2779,1,298,2
2780,1,299,2
2781,1,300,2
2782,1,301,2
2783,1,302,2
2784,1,303,2
2785,1,304,2
2786,1,305,2
2787,1,306,2
2788,1,307,2
2789,1,308,2
2790,1,309,2
2791,1,310,2
2792,1,311,2
2793,1,312,2
2794,1,313,2
2795,1,314,2
2796,1,315,2
2797,1,316,2
2798,1,317,2
2799,1,318,2
2800,1,319,2
2801,1,320,2
2802,1,321,2
2803,1,322,2
2804,1,323,2
2805,1,324,2
2806,1,325,2
2807,1,326,2
2808,1,327,2
2809,1,328,2
2810,1,329,2
2811,1,330,2
2812,1,331,2
2813,1,332,2
2814,1,333,2
2815,1,334,2
2816,1,335,2
2817,1,336,2
2818,1,337,2
2819,2,338,2
2820,2,339,2
2821,2,340,2
2822,2,341,2
2823,2,342,2
2824,2,343,2
2825,2,344,2
2826,2,345,2
2827,2,346,2
2828,2,347,2
2829,2,348,2
2830,2,349,2
2831,2,350,2
2832,2,351,2
2833,2,352,2
2834,2,353,2
2835,2,354,2
2836,2,355,2
2837,2,356,2
2838,2,357,2
2839,2,358,2
2840,2,359,2
2841,2,360,2
2842,2,361,2
2843,2,362,2
2844,2,363,2
2845,2,364,2
2846,2,365,2
2847,2,366,2
2848,2,367,2
2849,2,368,2
2850,2,369,2
2851,2,370,2
2852,2,371,2
2853,2,372,2
2854,2,373,2
2855,2,374,2
2856,2,375,2
2857,2,376,2
2858,2,377,2
2859,2,378,2
2860,2,379,2
2861,2,380,2
2862,2,381,2
2863,2,382,2
2864,2,383,2
2865,2,384,2
2866,2,385,2
2867,2,386,2
2868,2,387,2
2869,2,388,2
2870,2,389,2
2871,2,390,2
2872,2,391,2
2873,2,392,2
2874,2,393,2
2875,2,394,2
2876,2,395,2
2877,2,396,2
2878,2,397,2
2879,2,398,2
2880,2,399,2
2881,2,400,2
2882,2,401,2
2883,2,402,2
2884,2,403,2
2885,2,404,2
2886,2,405,2
2887,2,406,2
2888,2,407,2
2889,2,408,2
2890,2,409,2
2891,2,410,2
2892,2,411,2
2893,2,412,2
2894,2,413,2
2895,2,414,2
2896,2,415,2
2897,2,416,2
2898,2,417,2
2899,2,418,2
2900,2,419,2
2901,2,420,2
2902,2,421,2
2903,2,422,2
2904,2,423,2
2905,2,424,2
2906,2,425,2
2907,2,426,2
2908,2,427,2
2909,2,428,2
2910,2,429,2
2911,2,430,2
2912,2,431,2
2913,2,432,2
2914,2,433,2
2915,2,434,2
2916,2,435,2
2917,2,436,2
2918,2,437,2
2919,2,438,2
2920,2,439,2
2921,2,440,2
2922,2,441,2
2923,2,442,2
2924,2,443,2
2925,2,444,2
2926,2,445,2
2927,2,446,2
2928,2,447,2
2929,2,448,2
2930,2,449,2
2931,2,450,2
2932,2,451,2
2933,2,452,2
2934,2,453,2
2935,2,454,2
2936,2,455,2
2937,2,456,2
2938,2,457,2
2939,2,458,2
2940,2,459,2
2941,2,460,2
2942,2,461,2
2943,2,462,2
2944,2,463,2
2945,2,464,2
2946,2,465,2
2947,2,466,2
2948,2,467,2
2949,3,468,2
2950,3,469,2
2951,3,470,2
2952,3,471,2
2953,3,472,2
2954,3,473,2
2955,3,474,2
2956,3,475,2
2957,3,476,2
2958,3,477,2
2959,3,478,2
2960,3,479,2
2961,3,480,2
2962,3,481,2
2963,3,482,2
2964,3,483,2
2965,3,484,2
2966,3,485,2
2967,3,486,2
2968,3,487,2
2969,3,488,2
2970,3,489,2
2971,3,490,2
2972,3,491,2
2973,3,492,2
2974,3,493,2
2975,3,494,2
2976,3,495,2
2977,3,496,2
2978,3,497,2
2979,3,498,2
2980,3,499,2
2981,3,500,2
2982,3,501,2
2983,3,502,2
2984,3,503,2
2985,3,504,2
2986,3,505,2
2987,3,506,2
2988,3,507,2
2989,3,508,2
2990,3,509,2
2991,3,510,2
2992,3,511,2
2993,3,512,2
2994,3,513,2
2995,3,514,2
2996,3,515,2
2997,3,516,2
2998,3,517,2
2999,3,518,2
3000,3,519,2
3001,3,520,2
3002,3,521,2
3003,3,522,2
3004,3,523,2
3005,3,524,2
3006,3,525,2
3007,3,526,2
3008,3,527,2
3009,3,528,2
3010,3,529,2
3011,3,530,2
3012,3,531,2
3013,3,532,2
3014,3,533,2
3015,3,534,2
3016,3,535,2
3017,3,536,2
3018,3,537,2
3019,3,538,2
3020,3,539,2
3021,3,540,2
3022,3,541,2
3023,3,542,2
3024,3,543,2
3025,3,544,2
3026,3,545,2
3027,3,546,2
3028,3,547,2
3029,3,548,2
3030,3,549,2
3031,3,550,2
3032,3,551,2
3033,3,552,2
3034,3,553,2
3035,3,554,2
3036,3,555,2
3037,3,556,2
3038,3,557,2
3039,3,558,2
3040,3,559,2
3041,3,560,2
3042,3,561,2
3043,3,562,2
3044,3,563,2
3045,3,564,2
3046,3,565,2
3047,3,566,2
3048,3,567,2
3049,3,568,2
3050,3,569,2
3051,3,570,2
3052,3,571,2
3053,3,572,2
3054,3,573,2
3055,3,574,2
3056,3,575,2
3057,3,576,2
3058,3,577,2
3059,3,578,2
3060,3,579,2
3061,3,580,2
3062,3,581,2
3063,3,582,2
3064,3,583,2
3065,3,584,2
3066,3,585,2
3067,3,586,2
3068,4,587,2
3069,4,588,2
3070,4,589,2
3071,4,590,2
3072,4,591,2
3073,4,592,2
3074,4,593,2
3075,4,594,2
3076,4,595,2
3077,4,596,2
3078,4,597,2
3079,4,598,2
3080,4,599,2
3081,4,600,2
3082,4,601,2
3083,4,602,2
3084,4,603,2
3085,4,604,2
3086,4,605,2
3087,4,606,2
3088,4,607,2
3089,4,608,2
3090,4,609,2
3091,4,610,2
3092,4,611,2
3093,4,612,2
3094,4,613,2
3095,4,614,2
3096,4,615,2
3097,4,616,2
3098,4,617,2
3099,4,618,2
3100,4,619,2
3101,4,620,2
3102,4,621,2
3103,4,622,2
3104,4,623,2
3105,4,624,2
3106,4,625,2
3107,4,626,2
3108,4,627,2
3109,4,628,2
3110,4,629,2
3111,4,630,2
3112,4,631,2
3113,4,632,2
3114,4,633,2
3115,4,634,2
3116,4,635,2
3117,4,636,2
3118,4,637,2
3119,4,638,2
3120,4,639,2
3121,4,640,2
3122,4,641,2
3123,4,642,2
3124,4,643,2
3125,4,644,2
3126,4,645,2
3127,4,646,2
3128,4,647,2
3129,4,648,2
3130,4,649,2
3131,4,650,2
3132,4,651,2
3133,4,652,2
3134,4,653,2
3135,4,654,2
3136,4,655,2
3137,4,656,2
3138,4,657,2
3139,4,658,2
3140,4,659,2
3141,4,660,2
3142,4,661,2
3143,4,662,2
3144,4,663,2
3145,4,664,2
3146,4,665,2
3147,4,666,2
3148,4,667,2
3149,4,668,2
3150,4,669,2
3151,4,670,2
3152,4,671,2
3153,4,672,2
3154,4,673,2
3155,4,674,2
3156,4,675,2
3157,4,676,2
3158,4,677,2
3159,4,678,2
3160,4,679,2
3161,4,680,2
3162,4,681,2
3163,4,682,2
3164,4,683,2
3165,4,684,2
3166,4,685,2
3167,4,686,2
3168,4,687,2
3169,4,688,2
3170,4,689,2
3171,4,690,2
3172,4,691,2
3173,4,692,2
3174,4,693,2
3175,4,694,2
3176,4,695,2
3177,4,696,2
3178,4,697,2
3179,4,698,2
3180,4,699,2
3181,4,700,2
3182,4,701,2
3183,4,702,2
3184,4,703,2
3185,4,704,2
3186,4,705,2
3187,4,706,2
3188,4,707,2
3189,4,708,2
3190,4,709,2
3191,4,710,2
3192,4,711,2
3193,4,712,2
3194,4,713,2
3195,5,714,2
3196,5,715,2
3197,5,716,2
3198,5,717,2
3199,5,718,2
3200,5,719,2
3201,5,720,2
3202,5,721,2
3203,5,722,2
3204,5,723,2
3205,5,724,2
3206,5,725,2
3207,5,726,2
3208,5,727,2
3209,5,728,2
3210,5,729,2
3211,5,730,2
3212,5,731,2
3213,5,732,2
3214,5,733,2
3215,5,734,2
3216,5,735,2
3217,5,736,2
3218,5,737,2
3219,5,738,2
3220,5,739,2
3221,5,740,2
3222,5,741,2
3223,5,742,2
3224,5,743,2
3225,5,744,2
3226,5,745,2
3227,5,746,2
3228,5,747,2
3229,5,748,2
3230,5,749,2
3231,5,750,2
3232,5,751,2
3233,5,752,2
3234,5,753,2
3235,5,754,2
3236,5,755,2
3237,5,756,2
3238,5,757,2
3239,5,758,2
3240,5,759,2
3241,5,760,2
3242,5,761,2
3243,5,762,2
3244,5,763,2
3245,5,764,2
3246,6,765,2
3247,6,766,2
3248,6,767,2
3249,6,768,2
3250,6,769,2
3251,6,770,2
3252,6,771,2
3253,6,772,2
3254,6,773,2
3255,6,774,2
3256,6,775,2
3257,6,776,2
3258,6,777,2
3259,6,778,2
3260,6,779,2
3261,6,780,2
3262,6,781,2
3263,6,782,2
3264,6,783,2
3265,6,784,2
3266,6,785,2
3267,6,786,2
3268,6,787,2
3269,6,788,2
3270,6,789,2
3271,6,790,2
3272,6,791,2
3273,6,792,2
3274,6,793,2
3275,6,794,2
3276,6,795,2
3277,6,796,2
3278,6,797,2
3279,6,798,2
3280,6,799,2
3281,6,800,2
3282,6,801,2
3283,6,802,2
3284,6,803,2
3285,6,804,2
3286,6,805,2
3287,6,806,2
3288,6,807,2
3289,6,808,2
3290,6,809,2
3291,6,810,2
3292,6,811,2
3293,6,812,2
3294,6,813,2
3295,6,814,2
3296,6,815,2
3297,6,816,2
3298,6,817,2
3299,6,818,2
3300,6,819,2
3301,6,820,2
3302,6,821,2
3303,6,822,2
3304,6,823,2
3305,6,824,2
3306,6,825,2
3307,6,826,2
3308,6,827,2
3309,6,828,2
3310,6,829,2
3311,6,830,2
3312,6,831,2
3313,6,832,2
3314,6,833,2
3315,6,834,2
3316,6,835,2
3317,6,836,2
3318,6,837,2
3319,6,838,2
3320,6,839,2
3321,6,840,2
3322,6,841,2
3323,6,842,2
3324,6,843,2
3325,6,844,2
3326,6,845,2
3327,6,846,2
3328,6,847,2
3329,6,848,2
3330,6,849,2
3331,6,850,2
3332,6,851,2
3333,6,852,2
3334,6,853,2
3335,6,854,2
3336,6,855,2
3337,6,856,2
3338,6,857,2
3339,6,858,2
3340,6,859,2
3341,6,860,2
3342,6,861,2
3343,6,862,2
3344,6,863,2
3345,6,864,2
3346,6,865,2
3347,7,866,2
3348,7,867,2
3349,7,868,2
3350,7,869,2
3351,7,870,2
3352,7,871,2
3353,7,872,2
3354,7,873,2
3355,7,874,2
3356,7,875,2
3357,7,876,2
3358,7,877,2
3359,7,878,2
3360,7,879,2
3361,7,880,2
3362,7,881,2
3363,7,882,2
3364,7,883,2
3365,7,884,2
3366,7,885,2
3367,7,886,2
3368,7,887,2
3369,7,888,2
3370,7,889,2
3371,7,890,2
3372,7,891,2
3373,7,892,2
3374,7,893,2
3375,7,894,2
3376,7,895,2
3377,7,896,2
3378,7,897,2
3379,7,898,2
3380,7,899,2
3381,7,900,2
3382,7,901,2
3383,7,902,2
3384,7,903,2
3385,7,904,2
3386,7,905,2
3387,7,906,2
3388,7,907,2
3389,7,908,2
3390,7,909,2
3391,7,910,2
3392,7,911,2
3393,7,912,2
3394,7,913,2
3395,7,914,2
3396,7,915,2
3397,7,916,2
3398,7,917,2
3399,7,918,2
3400,7,919,2
3401,7,920,2
3402,7,921,2
3403,7,922,2
3404,7,923,2
3405,7,924,2
3406,7,925,2
3407,7,926,2
3408,7,927,2
3409,7,928,2
3410,7,929,2
3411,7,930,2
3412,7,931,2
3413,7,932,2
3414,7,933,2
3415,7,934,2
3416,7,935,2
3417,7,936,2
3418,7,937,2
3419,7,938,2
3420,7,939,2
3421,7,940,2
3422,7,941,2
3423,7,942,2
3424,7,943,2
3425,7,944,2
3426,7,945,2
3427,7,946,2
3428,7,947,2
3429,7,948,2
3430,7,949,2
3431,7,950,2
3432,7,951,2
3433,7,952,2
3434,7,953,2
3435,8,954,2
3436,8,955,2
3437,8,956,2
3438,8,957,2
3439,8,958,2
3440,8,959,2
3441,8,960,2
3442,8,961,2
3443,8,962,2
3444,8,963,2
3445,8,964,2
3446,8,965,2
3447,8,966,2
3448,8,967,2
3449,8,968,2
3450,8,969,2
3451,8,970,2
3452,8,971,2
3453,8,972,2
3454,8,973,2
3455,8,974,2
3456,8,975,2
3457,8,976,2
3458,8,977,2
3459,8,978,2
3460,8,979,2
3461,8,980,2
3462,8,981,2
3463,8,982,2
3464,8,983,2
3465,8,984,2
3466,8,985,2
3467,8,986,2
3468,8,987,2
3469,8,988,2
3470,8,989,2
3471,8,990,2
3472,8,991,2
3473,8,992,2
3474,8,993,2
3475,8,994,2
3476,8,995,2
3477,8,996,2
3478,8,997,2
3479,8,998,2
3480,8,999,2
3481,8,1000,2
3482,8,1001,2
3483,8,1002,2
3484,8,1003,2
3485,8,1004,2
3486,8,1005,2
3487,8,1006,2
3488,8,1007,2
3489,8,1008,2
3490,8,1009,2
3491,8,1010,2
3492,8,1011,2
3493,8,1012,2
3494,8,1013,2
3495,8,1014,2
3496,8,1015,2
3497,8,1016,2
3498,8,1017,2
3499,8,1018,2
3500,8,1019,2
3501,8,1020,2
3502,8,1021,2
3503,8,1022,2
3504,8,1023,2
3505,8,1024,2
3506,8,1025,2
3507,8,1026,2
3508,8,1027,2
3509,8,1028,2
3510,9,1029,2
3511,9,1030,2
3512,9,1031,2
3513,9,1032,2
3514,9,1033,2
3515,9,1034,2
3516,9,1035,2
3517,9,1036,2
3518,9,1037,2
3519,9,1038,2
3520,9,1039,2
3521,9,1040,2
3522,9,1041,2
3523,9,1042,2
3524,9,1043,2
3525,9,1044,2
3526,9,1045,2
3527,9,1046,2
3528,9,1047,2
3529,9,1048,2
3530,9,1049,2
3531,9,1050,2
3532,9,1051,2
3533,9,1052,2
3534,9,1053,2
3535,9,1054,2
3536,9,1055,2
3537,9,1056,2
3538,9,1057,2
3539,9,1058,2
3540,9,1059,2
3541,9,1060,2
3542,9,1061,2
3543,9,1062,2
3544,9,1063,2
3545,9,1064,2
3546,9,1065,2
3547,9,1066,2
3548,9,1067,2
3549,9,1068,2
3550,9,1069,2
3551,9,1070,2
3552,9,1071,2
3553,9,1072,2
3554,9,1073,2
3555,9,1074,2
3556,9,1075,2
3557,9,1076,2
3558,9,1077,2
3559,9,1078,2
3560,9,1079,2
3561,9,1080,2
3562,9,1081,2
3563,9,1082,2
3564,9,1083,2
3565,9,1084,2
3566,9,1085,2
3567,9,1086,2
3568,9,1087,2
3569,9,1088,2
3570,9,1089,2
3571,9,1090,2
3572,9,1091,2
3573,9,1092,2
3574,9,1093,2
3575,9,1094,2
3576,9,1095,2
3577,9,1096,2
3578,9,1097,2
3579,9,1098,2
3580,9,1099,2
3581,9,1100,2
3582,9,1101,2
3583,9,1102,2
3584,9,1103,2
3585,9,1104,2
3586,9,1105,2
3587,9,1106,2
3588,9,1107,2
3589,9,1108,2
3590,9,1109,2
3591,9,1110,2
3592,9,1111,2
3593,9,1112,2
3594,9,1113,2
3595,9,1114,2
3596,9,1115,2
3597,9,1116,2
3598,9,1117,2
3599,9,1118,2
3600,9,1119,2
3601,9,1120,2
3602,9,1121,2
3603,9,1122,2
3604,9,1123,2
3605,9,1124,2
3606,10,1125,2
3607,10,1126,2
3608,10,1127,2
3609,10,1128,2
3610,10,1129,2
3611,10,1130,2
3612,10,1131,2
3613,10,1132,2
3614,10,1133,2
3615,10,1134,2
3616,10,1135,2
3617,10,1136,2
3618,10,1137,2
3619,10,1138,2
3620,10,1139,2
3621,10,1140,2
3622,10,1141,2
3623,10,1142,2
3624,10,1143,2
3625,10,1144,2
3626,10,1145,2
3627,10,1146,2
3628,10,1147,2
3629,10,1148,2
3630,10,1149,2
3631,10,1150,2
3632,10,1151,2
3633,10,1152,2
3634,10,1153,2
3635,10,1154,2
3636,10,1155,2
3637,10,1156,2
3638,10,1157,2
3639,10,1158,2
3640,10,1159,2
3641,10,1160,2
3642,10,1161,2
3643,10,1162,2
3644,10,1163,2
3645,10,1164,2
3646,10,1165,2
3647,11,1166,2
3648,11,1167,2
3649,11,1168,2
3650,11,1169,2
3651,11,1170,2
3652,11,1171,2
3653,11,1172,2
3654,11,1173,2
3655,11,1174,2
3656,11,1175,2
3657,11,1176,2
3658,11,1177,2
3659,11,1178,2
3660,11,1179,2
3661,11,1180,2
3662,11,1181,2
3663,11,1182,2
3664,11,1183,2
3665,11,1184,2
3666,11,1185,2
3667,11,1186,2
3668,11,1187,2
3669,11,1188,2
3670,11,1189,2
3671,11,1190,2
3672,11,1191,2
3673,11,1192,2
3674,11,1193,2
3675,11,1194,2
3676,11,1195,2
3677,11,1196,2
3678,11,1197,2
3679,11,1198,2
3680,11,1199,2
3681,11,1200,2
3682,11,1201,2
3683,11,1202,2
3684,11,1203,2
3685,11,1204,2
3686,11,1205,2
3687,11,1206,2
3688,11,1207,2
3689,11,1208,2
3690,11,1209,2
3691,11,1210,2
3692,11,1211,2
3693,11,1212,2
3694,11,1213,2
3695,11,1214,2
3696,11,1215,2
3697,12,1216,2
3698,12,1217,2
3699,12,1218,2
3700,12,1219,2
3701,12,1220,2
3702,12,1221,2
3703,12,1222,2
3704,12,1223,2
3705,12,1224,2
3706,12,1225,2
3707,12,1226,2
3708,12,1227,2
3709,12,1228,2
3710,12,1229,2
3711,12,1230,2
3712,12,1231,2
3713,12,1232,2
3714,12,1233,2
3715,12,1234,2
3716,12,1235,2
3717,12,1236,2
3718,12,1237,2
3719,12,1238,2
3720,12,1239,2
3721,12,1240,2
3722,12,1241,2
3723,12,1242,2
3724,12,1243,2
3725,12,1244,2
3726,12,1245,2
3727,12,1246,2
3728,12,1247,2
3729,12,1248,2
3730,12,1249,2
3731,12,1250,2
3732,12,1251,2
3733,12,1252,2
3734,12,1253,2
3735,12,1254,2
3736,12,1255,2
3737,12,1256,2
3738,12,1257,2
3739,12,1258,2
3740,12,1259,2
3741,12,1260,2
3742,12,1261,2
3743,12,1262,2
3744,12,1263,2
3745,12,1264,2
3746,12,1265,2
3747,12,1266,2
3748,12,1267,2
3749,12,1268,2
3750,12,1269,2
3751,13,1270,2
3752,13,1271,2
3753,13,1272,2
3754,13,1273,2
3755,13,1274,2
3756,13,1275,2
3757,13,1276,2
3758,13,1277,2
3759,13,1278,2
3760,13,1279,2
3761,13,1280,2
3762,13,1281,2
3763,13,1282,2
3764,13,1283,2
3765,13,1284,2
3766,13,1285,2
3767,13,1286,2
3768,13,1287,2
3769,13,1288,2
3770,13,1289,2
3771,13,1290,2
3772,13,1291,2
3773,13,1292,2
3774,13,1293,2
3775,13,1294,2
3776,13,1295,2
3777,13,1296,2
3778,13,1297,2
3779,13,1298,2
3780,13,1299,2
3781,13,1300,2
3782,13,1301,2
3783,13,1302,2
3784,13,1303,2
3785,13,1304,2
3786,13,1305,2
3787,13,1306,2
3788,13,1307,2
3789,13,1308,2
3790,13,1309,2
3791,13,1310,2
3792,13,1311,2
3793,13,1312,2
3794,13,1313,2
3795,13,1314,2
3796,13,1315,2
3797,13,1316,2
3798,13,1317,2
3799,13,1318,2
3800,13,1319,2
3801,13,1320,2
3802,13,1321,2
3803,13,1322,2
3804,13,1323,2
3805,13,1324,2
3806,13,1325,2
3807,13,1326,2