1,159,1,XXS以下
2,159,2,XS(SS)
3,159,3,S
4,159,4,M
5,159,5,L
6,159,6,XL(LL)
7,159,7,2XL(3L)
8,159,8,3XL(4L)
9,159,9,4XL(5L)以上
10,159,10,FREE SIZE
11,160,1,XXS以下
12,160,2,XS(SS)
13,160,3,S
14,160,4,M
15,160,5,L
16,160,6,XL(LL)
17,160,7,2XL(3L)
18,160,8,3XL(4L)
19,160,9,4XL(5L)以上
20,160,10,FREE SIZE
21,161,1,XXS以下
22,161,2,XS(SS)
23,161,3,S
24,161,4,M
25,161,5,L
26,161,6,XL(LL)
27,161,7,2XL(3L)
28,161,8,3XL(4L)
29,161,9,4XL(5L)以上
30,161,10,FREE SIZE
31,162,1,XXS以下
32,162,2,XS(SS)
33,162,3,S
34,162,4,M
35,162,5,L
36,162,6,XL(LL)
37,162,7,2XL(3L)
38,162,8,3XL(4L)
39,162,9,4XL(5L)以上
40,162,10,FREE SIZE
41,163,1,XXS以下
42,163,2,XS(SS)
43,163,3,S
44,163,4,M
45,163,5,L
46,163,6,XL(LL)
47,163,7,2XL(3L)
48,163,8,3XL(4L)
49,163,9,4XL(5L)以上
50,163,10,FREE SIZE
51,164,1,XXS以下
52,164,2,XS(SS)
53,164,3,S
54,164,4,M
55,164,5,L
56,164,6,XL(LL)
57,164,7,2XL(3L)
58,164,8,3XL(4L)
59,164,9,4XL(5L)以上
60,164,10,FREE SIZE
61,165,1,XXS以下
62,165,2,XS(SS)
63,165,3,S
64,165,4,M
65,165,5,L
66,165,6,XL(LL)
67,165,7,2XL(3L)
68,165,8,3XL(4L)
69,165,9,4XL(5L)以上
70,165,10,FREE SIZE
71,166,1,XXS以下
72,166,2,XS(SS)
73,166,3,S
74,166,4,M
75,166,5,L
76,166,6,XL(LL)
77,166,7,2XL(3L)
78,166,8,3XL(4L)
79,166,9,4XL(5L)以上
80,166,10,FREE SIZE
81,167,1,XXS以下
82,167,2,XS(SS)
83,167,3,S
84,167,4,M
85,167,5,L
86,167,6,XL(LL)
87,167,7,2XL(3L)
88,167,8,3XL(4L)
89,167,9,4XL(5L)以上
90,167,10,FREE SIZE
91,168,1,XXS以下
92,168,2,XS(SS)
93,168,3,S
94,168,4,M
95,168,5,L
96,168,6,XL(LL)
97,168,7,2XL(3L)
98,168,8,3XL(4L)
99,168,9,4XL(5L)以上
100,168,10,FREE SIZE
101,169,1,XXS以下
102,169,2,XS(SS)
103,169,3,S
104,169,4,M
105,169,5,L
106,169,6,XL(LL)
107,169,7,2XL(3L)
108,169,8,3XL(4L)
109,169,9,4XL(5L)以上
110,169,10,FREE SIZE
111,170,1,XXS以下
112,170,2,XS(SS)
113,170,3,S
114,170,4,M
115,170,5,L
116,170,6,XL(LL)
117,170,7,2XL(3L)
118,170,8,3XL(4L)
119,170,9,4XL(5L)以上
120,170,10,FREE SIZE
121,171,1,XXS以下
122,171,2,XS(SS)
123,171,3,S
124,171,4,M
125,171,5,L
126,171,6,XL(LL)
127,171,7,2XL(3L)
128,171,8,3XL(4L)
129,171,9,4XL(5L)以上
130,171,10,FREE SIZE
131,172,1,XXS以下
132,172,2,XS(SS)
133,172,3,S
134,172,4,M
135,172,5,L
136,172,6,XL(LL)
137,172,7,2XL(3L)
138,172,8,3XL(4L)
139,172,9,4XL(5L)以上
140,172,10,FREE SIZE
141,173,1,XXS以下
142,173,2,XS(SS)
143,173,3,S
144,173,4,M
145,173,5,L
146,173,6,XL(LL)
147,173,7,2XL(3L)
148,173,8,3XL(4L)
149,173,9,4XL(5L)以上
150,173,10,FREE SIZE
151,174,1,XXS以下
152,174,2,XS(SS)
153,174,3,S
154,174,4,M
155,174,5,L
156,174,6,XL(LL)
157,174,7,2XL(3L)
158,174,8,3XL(4L)
159,174,9,4XL(5L)以上
160,174,10,FREE SIZE
161,175,1,XXS以下
162,175,2,XS(SS)
163,175,3,S
164,175,4,M
165,175,5,L
166,175,6,XL(LL)
167,175,7,2XL(3L)
168,175,8,3XL(4L)
169,175,9,4XL(5L)以上
170,175,10,FREE SIZE
171,176,1,XXS以下
172,176,2,XS(SS)
173,176,3,S
174,176,4,M
175,176,5,L
176,176,6,XL(LL)
177,176,7,2XL(3L)
178,176,8,3XL(4L)
179,176,9,4XL(5L)以上
180,176,10,FREE SIZE
181,177,1,XXS以下
182,177,2,XS(SS)
183,177,3,S
184,177,4,M
185,177,5,L
186,177,6,XL(LL)
187,177,7,2XL(3L)
188,177,8,3XL(4L)
189,177,9,4XL(5L)以上
190,177,10,FREE SIZE
191,178,1,XXS以下
192,178,2,XS(SS)
193,178,3,S
194,178,4,M
195,178,5,L
196,178,6,XL(LL)
197,178,7,2XL(3L)
198,178,8,3XL(4L)
199,178,9,4XL(5L)以上
200,178,10,FREE SIZE
201,179,1,XXS以下
202,179,2,XS(SS)
203,179,3,S
204,179,4,M
205,179,5,L
206,179,6,XL(LL)
207,179,7,2XL(3L)
208,179,8,3XL(4L)
209,179,9,4XL(5L)以上
210,179,10,FREE SIZE
211,180,1,XXS以下
212,180,2,XS(SS)
213,180,3,S
214,180,4,M
215,180,5,L
216,180,6,XL(LL)
217,180,7,2XL(3L)
218,180,8,3XL(4L)
219,180,9,4XL(5L)以上
220,180,10,FREE SIZE
221,181,1,XXS以下
222,181,2,XS(SS)
223,181,3,S
224,181,4,M
225,181,5,L
226,181,6,XL(LL)
227,181,7,2XL(3L)
228,181,8,3XL(4L)
229,181,9,4XL(5L)以上
230,181,10,FREE SIZE
231,182,1,XXS以下
232,182,2,XS(SS)
233,182,3,S
234,182,4,M
235,182,5,L
236,182,6,XL(LL)
237,182,7,2XL(3L)
238,182,8,3XL(4L)
239,182,9,4XL(5L)以上
240,182,10,FREE SIZE
241,183,1,XXS以下
242,183,2,XS(SS)
243,183,3,S
244,183,4,M
245,183,5,L
246,183,6,XL(LL)
247,183,7,2XL(3L)
248,183,8,3XL(4L)
249,183,9,4XL(5L)以上
250,183,10,FREE SIZE
251,184,1,XXS以下
252,184,2,XS(SS)
253,184,3,S
254,184,4,M
255,184,5,L
256,184,6,XL(LL)
257,184,7,2XL(3L)
258,184,8,3XL(4L)
259,184,9,4XL(5L)以上
260,184,10,FREE SIZE
261,185,1,XXS以下
262,185,2,XS(SS)
263,185,3,S
264,185,4,M
265,185,5,L
266,185,6,XL(LL)
267,185,7,2XL(3L)
268,185,8,3XL(4L)
269,185,9,4XL(5L)以上
270,185,10,FREE SIZE
271,186,1,XXS以下
272,186,2,XS(SS)
273,186,3,S
274,186,4,M
275,186,5,L
276,186,6,XL(LL)
277,186,7,2XL(3L)
278,186,8,3XL(4L)
279,186,9,4XL(5L)以上
280,186,10,FREE SIZE
281,187,1,XXS以下
282,187,2,XS(SS)
283,187,3,S
284,187,4,M
285,187,5,L
286,187,6,XL(LL)
287,187,7,2XL(3L)
288,187,8,3XL(4L)
289,187,9,4XL(5L)以上
290,187,10,FREE SIZE
291,188,1,XXS以下
292,188,2,XS(SS)
293,188,3,S
294,188,4,M
295,188,5,L
296,188,6,XL(LL)
297,188,7,2XL(3L)
298,188,8,3XL(4L)
299,188,9,4XL(5L)以上
300,188,10,FREE SIZE
301,189,1,XXS以下
302,189,2,XS(SS)
303,189,3,S
304,189,4,M
305,189,5,L
306,189,6,XL(LL)
307,189,7,2XL(3L)
308,189,8,3XL(4L)
309,189,9,4XL(5L)以上
310,189,10,FREE SIZE
311,190,1,XXS以下
312,190,2,XS(SS)
313,190,3,S
314,190,4,M
315,190,5,L
316,190,6,XL(LL)
317,190,7,2XL(3L)
318,190,8,3XL(4L)
319,190,9,4XL(5L)以上
320,190,10,FREE SIZE
321,191,1,XXS以下
322,191,2,XS(SS)
323,191,3,S
324,191,4,M
325,191,5,L
326,191,6,XL(LL)
327,191,7,2XL(3L)
328,191,8,3XL(4L)
329,191,9,4XL(5L)以上
330,191,10,FREE SIZE
331,192,1,XXS以下
332,192,2,XS(SS)
333,192,3,S
334,192,4,M
335,192,5,L
336,192,6,XL(LL)
337,192,7,2XL(3L)
338,192,8,3XL(4L)
339,192,9,4XL(5L)以上
340,192,10,FREE SIZE
341,193,1,XXS以下
342,193,2,XS(SS)
343,193,3,S
344,193,4,M
345,193,5,L
346,193,6,XL(LL)
347,193,7,2XL(3L)
348,193,8,3XL(4L)
349,193,9,4XL(5L)以上
350,193,10,FREE SIZE
351,194,1,XXS以下
352,194,2,XS(SS)
353,194,3,S
354,194,4,M
355,194,5,L
356,194,6,XL(LL)
357,194,7,2XL(3L)
358,194,8,3XL(4L)
359,194,9,4XL(5L)以上
360,194,10,FREE SIZE
361,195,1,XXS以下
362,195,2,XS(SS)
363,195,3,S
364,195,4,M
365,195,5,L
366,195,6,XL(LL)
367,195,7,2XL(3L)
368,195,8,3XL(4L)
369,195,9,4XL(5L)以上
370,195,10,FREE SIZE
371,196,1,XXS以下
372,196,2,XS(SS)
373,196,3,S
374,196,4,M
375,196,5,L
376,196,6,XL(LL)
377,196,7,2XL(3L)
378,196,8,3XL(4L)
379,196,9,4XL(5L)以上
380,196,10,FREE SIZE
381,197,1,XXS以下
382,197,2,XS(SS)
383,197,3,S
384,197,4,M
385,197,5,L
386,197,6,XL(LL)
387,197,7,2XL(3L)
388,197,8,3XL(4L)
389,197,9,4XL(5L)以上
390,197,10,FREE SIZE
391,198,1,XXS以下
392,198,2,XS(SS)
393,198,3,S
394,198,4,M
395,198,5,L
396,198,6,XL(LL)
397,198,7,2XL(3L)
398,198,8,3XL(4L)
399,198,9,4XL(5L)以上
400,198,10,FREE SIZE
401,199,1,XXS以下
402,199,2,XS(SS)
403,199,3,S
404,199,4,M
405,199,5,L
406,199,6,XL(LL)
407,199,7,2XL(3L)
408,199,8,3XL(4L)
409,199,9,4XL(5L)以上
410,199,10,FREE SIZE
411,200,1,XXS以下
412,200,2,XS(SS)
413,200,3,S
414,200,4,M
415,200,5,L
416,200,6,XL(LL)
417,200,7,2XL(3L)
418,200,8,3XL(4L)
419,200,9,4XL(5L)以上
420,200,10,FREE SIZE
421,201,1,XXS以下
422,201,2,XS(SS)
423,201,3,S
424,201,4,M
425,201,5,L
426,201,6,XL(LL)
427,201,7,2XL(3L)
428,201,8,3XL(4L)
429,201,9,4XL(5L)以上
430,201,10,FREE SIZE
431,202,1,XXS以下
432,202,2,XS(SS)
433,202,3,S
434,202,4,M
435,202,5,L
436,202,6,XL(LL)
437,202,7,2XL(3L)
438,202,8,3XL(4L)
439,202,9,4XL(5L)以上
440,202,10,FREE SIZE
441,203,1,XXS以下
442,203,2,XS(SS)
443,203,3,S
444,203,4,M
445,203,5,L
446,203,6,XL(LL)
447,203,7,2XL(3L)
448,203,8,3XL(4L)
449,203,9,4XL(5L)以上
450,203,10,FREE SIZE
451,204,1,XXS以下
452,204,2,XS(SS)
453,204,3,S
454,204,4,M
455,204,5,L
456,204,6,XL(LL)
457,204,7,2XL(3L)
458,204,8,3XL(4L)
459,204,9,4XL(5L)以上
460,204,10,FREE SIZE
461,205,1,XXS以下
462,205,2,XS(SS)
463,205,3,S
464,205,4,M
465,205,5,L
466,205,6,XL(LL)
467,205,7,2XL(3L)
468,205,8,3XL(4L)
469,205,9,4XL(5L)以上
470,205,10,FREE SIZE
471,206,1,XXS以下
472,206,2,XS(SS)
473,206,3,S
474,206,4,M
475,206,5,L
476,206,6,XL(LL)
477,206,7,2XL(3L)
478,206,8,3XL(4L)
479,206,9,4XL(5L)以上
480,206,10,FREE SIZE
481,207,1,XXS以下
482,207,2,XS(SS)
483,207,3,S
484,207,4,M
485,207,5,L
486,207,6,XL(LL)
487,207,7,2XL(3L)
488,207,8,3XL(4L)
489,207,9,4XL(5L)以上
490,207,10,FREE SIZE
491,208,1,XXS以下
492,208,2,XS(SS)
493,208,3,S
494,208,4,M
495,208,5,L
496,208,6,XL(LL)
497,208,7,2XL(3L)
498,208,8,3XL(4L)
499,208,9,4XL(5L)以上
500,208,10,FREE SIZE
501,209,1,XXS以下
502,209,2,XS(SS)
503,209,3,S
504,209,4,M
505,209,5,L
506,209,6,XL(LL)
507,209,7,2XL(3L)
508,209,8,3XL(4L)
509,209,9,4XL(5L)以上
510,209,10,FREE SIZE
511,210,1,XXS以下
512,210,2,XS(SS)
513,210,3,S
514,210,4,M
515,210,5,L
516,210,6,XL(LL)
517,210,7,2XL(3L)
518,210,8,3XL(4L)
519,210,9,4XL(5L)以上
520,210,10,FREE SIZE
521,211,1,XXS以下
522,211,2,XS(SS)
523,211,3,S
524,211,4,M
525,211,5,L
526,211,6,XL(LL)
527,211,7,2XL(3L)
528,211,8,3XL(4L)
529,211,9,4XL(5L)以上
530,211,10,FREE SIZE
531,212,1,XXS以下
532,212,2,XS(SS)
533,212,3,S
534,212,4,M
535,212,5,L
536,212,6,XL(LL)
537,212,7,2XL(3L)
538,212,8,3XL(4L)
539,212,9,4XL(5L)以上
540,212,10,FREE SIZE
541,213,1,XXS以下
542,213,2,XS(SS)
543,213,3,S
544,213,4,M
545,213,5,L
546,213,6,XL(LL)
547,213,7,2XL(3L)
548,213,8,3XL(4L)
549,213,9,4XL(5L)以上
550,213,10,FREE SIZE
551,214,1,XXS以下
552,214,2,XS(SS)
553,214,3,S
554,214,4,M
555,214,5,L
556,214,6,XL(LL)
557,214,7,2XL(3L)
558,214,8,3XL(4L)
559,214,9,4XL(5L)以上
560,214,10,FREE SIZE
561,215,1,XXS以下
562,215,2,XS(SS)
563,215,3,S
564,215,4,M
565,215,5,L
566,215,6,XL(LL)
567,215,7,2XL(3L)
568,215,8,3XL(4L)
569,215,9,4XL(5L)以上
570,215,10,FREE SIZE
571,216,1,XXS以下
572,216,2,XS(SS)
573,216,3,S
574,216,4,M
575,216,5,L
576,216,6,XL(LL)
577,216,7,2XL(3L)
578,216,8,3XL(4L)
579,216,9,4XL(5L)以上
580,216,10,FREE SIZE
581,217,1,XXS以下
582,217,2,XS(SS)
583,217,3,S
584,217,4,M
585,217,5,L
586,217,6,XL(LL)
587,217,7,2XL(3L)
588,217,8,3XL(4L)
589,217,9,4XL(5L)以上
590,217,10,FREE SIZE
591,218,1,XXS以下
592,218,2,XS(SS)
593,218,3,S
594,218,4,M
595,218,5,L
596,218,6,XL(LL)
597,218,7,2XL(3L)
598,218,8,3XL(4L)
599,218,9,4XL(5L)以上
600,218,10,FREE SIZE
601,229,1,XXS以下
602,229,2,XS(SS)
603,229,3,S
604,229,4,M
605,229,5,L
606,229,6,XL(LL)
607,229,7,2XL(3L)
608,229,8,3XL(4L)
609,229,9,4XL(5L)以上
610,229,10,FREE SIZE
611,230,1,XXS以下
612,230,2,XS(SS)
613,230,3,S
614,230,4,M
615,230,5,L
616,230,6,XL(LL)
617,230,7,2XL(3L)
618,230,8,3XL(4L)
619,230,9,4XL(5L)以上
620,230,10,FREE SIZE
621,231,1,XXS以下
622,231,2,XS(SS)
623,231,3,S
624,231,4,M
625,231,5,L
626,231,6,XL(LL)
627,231,7,2XL(3L)
628,231,8,3XL(4L)
629,231,9,4XL(5L)以上
630,231,10,FREE SIZE
631,232,1,XXS以下
632,232,2,XS(SS)
633,232,3,S
634,232,4,M
635,232,5,L
636,232,6,XL(LL)
637,232,7,2XL(3L)
638,232,8,3XL(4L)
639,232,9,4XL(5L)以上
640,232,10,FREE SIZE
641,233,1,XXS以下
642,233,2,XS(SS)
643,233,3,S
644,233,4,M
645,233,5,L
646,233,6,XL(LL)
647,233,7,2XL(3L)
648,233,8,3XL(4L)
649,233,9,4XL(5L)以上
650,233,10,FREE SIZE
651,234,1,XXS以下
652,234,2,XS(SS)
653,234,3,S
654,234,4,M
655,234,5,L
656,234,6,XL(LL)
657,234,7,2XL(3L)
658,234,8,3XL(4L)
659,234,9,4XL(5L)以上
660,234,10,FREE SIZE
661,235,1,XXS以下
662,235,2,XS(SS)
663,235,3,S
664,235,4,M
665,235,5,L
666,235,6,XL(LL)
667,235,7,2XL(3L)
668,235,8,3XL(4L)
669,235,9,4XL(5L)以上
670,235,10,FREE SIZE
671,319,1,XXS以下
672,319,2,XS(SS)
673,319,3,S
674,319,4,M
675,319,5,L
676,319,6,XL(LL)
677,319,7,2XL(3L)
678,319,8,3XL(4L)
679,319,9,4XL(5L)以上
680,319,10,FREE SIZE
681,320,1,XXS以下
682,320,2,XS(SS)
683,320,3,S
684,320,4,M
685,320,5,L
686,320,6,XL(LL)
687,320,7,2XL(3L)
688,320,8,3XL(4L)
689,320,9,4XL(5L)以上
690,320,10,FREE SIZE
691,321,1,XXS以下
692,321,2,XS(SS)
693,321,3,S
694,321,4,M
695,321,5,L
696,321,6,XL(LL)
697,321,7,2XL(3L)
698,321,8,3XL(4L)
699,321,9,4XL(5L)以上
700,321,10,FREE SIZE
701,326,1,XXS以下
702,326,2,XS(SS)
703,326,3,S
704,326,4,M
705,326,5,L
706,326,6,XL(LL)
707,326,7,2XL(3L)
708,326,8,3XL(4L)
709,326,9,4XL(5L)以上
710,326,10,FREE SIZE
711,327,1,XXS以下
712,327,2,XS(SS)
713,327,3,S
714,327,4,M
715,327,5,L
716,327,6,XL(LL)
717,327,7,2XL(3L)
718,327,8,3XL(4L)
719,327,9,4XL(5L)以上
720,327,10,FREE SIZE
721,328,1,XXS以下
722,328,2,XS(SS)
723,328,3,S
724,328,4,M
725,328,5,L
726,328,6,XL(LL)
727,328,7,2XL(3L)
728,328,8,3XL(4L)
729,328,9,4XL(5L)以上
730,328,10,FREE SIZE
731,329,1,XXS以下
732,329,2,XS(SS)
733,329,3,S
734,329,4,M
735,329,5,L
736,329,6,XL(LL)
737,329,7,2XL(3L)
738,329,8,3XL(4L)
739,329,9,4XL(5L)以上
740,329,10,FREE SIZE
741,330,1,XXS以下
742,330,2,XS(SS)
743,330,3,S
744,330,4,M
745,330,5,L
746,330,6,XL(LL)
747,330,7,2XL(3L)
748,330,8,3XL(4L)
749,330,9,4XL(5L)以上
750,330,10,FREE SIZE
751,331,1,XXS以下
752,331,2,XS(SS)
753,331,3,S
754,331,4,M
755,331,5,L
756,331,6,XL(LL)
757,331,7,2XL(3L)
758,331,8,3XL(4L)
759,331,9,4XL(5L)以上
760,331,10,FREE SIZE
761,332,1,XXS以下
762,332,2,XS(SS)
763,332,3,S
764,332,4,M
765,332,5,L
766,332,6,XL(LL)
767,332,7,2XL(3L)
768,332,8,3XL(4L)
769,332,9,4XL(5L)以上
770,332,10,FREE SIZE
771,333,1,XXS以下
772,333,2,XS(SS)
773,333,3,S
774,333,4,M
775,333,5,L
776,333,6,XL(LL)
777,333,7,2XL(3L)
778,333,8,3XL(4L)
779,333,9,4XL(5L)以上
780,333,10,FREE SIZE
781,338,1,XXS以下
782,338,2,XS(SS)
783,338,3,S
784,338,4,M
785,338,5,L
786,338,6,XL(LL)
787,338,7,2XL(3L)
788,338,8,3XL(4L)
789,338,9,4XL(5L)以上
790,338,10,FREE SIZE
791,339,1,XXS以下
792,339,2,XS(SS)
793,339,3,S
794,339,4,M
795,339,5,L
796,339,6,XL(LL)
797,339,7,2XL(3L)
798,339,8,3XL(4L)
799,339,9,4XL(5L)以上
800,339,10,FREE SIZE
801,340,1,XXS以下
802,340,2,XS(SS)
803,340,3,S
804,340,4,M
805,340,5,L
806,340,6,XL(LL)
807,340,7,2XL(3L)
808,340,8,3XL(4L)
809,340,9,4XL(5L)以上
810,340,10,FREE SIZE
811,341,1,XXS以下
812,341,2,XS(SS)
813,341,3,S
814,341,4,M
815,341,5,L
816,341,6,XL(LL)
817,341,7,2XL(3L)
818,341,8,3XL(4L)
819,341,9,4XL(5L)以上
820,341,10,FREE SIZE
821,342,1,XXS以下
822,342,2,XS(SS)
823,342,3,S
824,342,4,M
825,342,5,L
826,342,6,XL(LL)
827,342,7,2XL(3L)
828,342,8,3XL(4L)
829,342,9,4XL(5L)以上
830,342,10,FREE SIZE
831,343,1,XXS以下
832,343,2,XS(SS)
833,343,3,S
834,343,4,M
835,343,5,L
836,343,6,XL(LL)
837,343,7,2XL(3L)
838,343,8,3XL(4L)
839,343,9,4XL(5L)以上
840,343,10,FREE SIZE
841,344,1,XXS以下
842,344,2,XS(SS)
843,344,3,S
844,344,4,M
845,344,5,L
846,344,6,XL(LL)
847,344,7,2XL(3L)
848,344,8,3XL(4L)
849,344,9,4XL(5L)以上
850,344,10,FREE SIZE
851,345,1,XXS以下
852,345,2,XS(SS)
853,345,3,S
854,345,4,M
855,345,5,L
856,345,6,XL(LL)
857,345,7,2XL(3L)
858,345,8,3XL(4L)
859,345,9,4XL(5L)以上
860,345,10,FREE SIZE
861,346,1,XXS以下
862,346,2,XS(SS)
863,346,3,S
864,346,4,M
865,346,5,L
866,346,6,XL(LL)
867,346,7,2XL(3L)
868,346,8,3XL(4L)
869,346,9,4XL(5L)以上
870,346,10,FREE SIZE
871,347,1,XXS以下
872,347,2,XS(SS)
873,347,3,S
874,347,4,M
875,347,5,L
876,347,6,XL(LL)
877,347,7,2XL(3L)
878,347,8,3XL(4L)
879,347,9,4XL(5L)以上
880,347,10,FREE SIZE
881,348,1,XXS以下
882,348,2,XS(SS)
883,348,3,S
884,348,4,M
885,348,5,L
886,348,6,XL(LL)
887,348,7,2XL(3L)
888,348,8,3XL(4L)
889,348,9,4XL(5L)以上
890,348,10,FREE SIZE
891,349,1,XXS以下
892,349,2,XS(SS)
893,349,3,S
894,349,4,M
895,349,5,L
896,349,6,XL(LL)
897,349,7,2XL(3L)
898,349,8,3XL(4L)
899,349,9,4XL(5L)以上
900,349,10,FREE SIZE
901,350,1,XXS以下
902,350,2,XS(SS)
903,350,3,S
904,350,4,M
905,350,5,L
906,350,6,XL(LL)
907,350,7,2XL(3L)
908,350,8,3XL(4L)
909,350,9,4XL(5L)以上
910,350,10,FREE SIZE
911,351,1,XXS以下
912,351,2,XS(SS)
913,351,3,S
914,351,4,M
915,351,5,L
916,351,6,XL(LL)
917,351,7,2XL(3L)
918,351,8,3XL(4L)
919,351,9,4XL(5L)以上
920,351,10,FREE SIZE
921,352,1,XXS以下
922,352,2,XS(SS)
923,352,3,S
924,352,4,M
925,352,5,L
926,352,6,XL(LL)
927,352,7,2XL(3L)
928,352,8,3XL(4L)
929,352,9,4XL(5L)以上
930,352,10,FREE SIZE
931,353,1,XXS以下
932,353,2,XS(SS)
933,353,3,S
934,353,4,M
935,353,5,L
936,353,6,XL(LL)
937,353,7,2XL(3L)
938,353,8,3XL(4L)
939,353,9,4XL(5L)以上
940,353,10,FREE SIZE
941,354,1,XXS以下
942,354,2,XS(SS)
943,354,3,S
944,354,4,M
945,354,5,L
946,354,6,XL(LL)
947,354,7,2XL(3L)
948,354,8,3XL(4L)
949,354,9,4XL(5L)以上
950,354,10,FREE SIZE
951,355,1,XXS以下
952,355,2,XS(SS)
953,355,3,S
954,355,4,M
955,355,5,L
956,355,6,XL(LL)
957,355,7,2XL(3L)
958,355,8,3XL(4L)
959,355,9,4XL(5L)以上
960,355,10,FREE SIZE
961,356,1,XXS以下
962,356,2,XS(SS)
963,356,3,S
964,356,4,M
965,356,5,L
966,356,6,XL(LL)
967,356,7,2XL(3L)
968,356,8,3XL(4L)
969,356,9,4XL(5L)以上
970,356,10,FREE SIZE
971,357,1,XXS以下
972,357,2,XS(SS)
973,357,3,S
974,357,4,M
975,357,5,L
976,357,6,XL(LL)
977,357,7,2XL(3L)
978,357,8,3XL(4L)
979,357,9,4XL(5L)以上
980,357,10,FREE SIZE
981,358,1,XXS以下
982,358,2,XS(SS)
983,358,3,S
984,358,4,M
985,358,5,L
986,358,6,XL(LL)
987,358,7,2XL(3L)
988,358,8,3XL(4L)
989,358,9,4XL(5L)以上
990,358,10,FREE SIZE
991,359,1,XXS以下
992,359,2,XS(SS)
993,359,3,S
994,359,4,M
995,359,5,L
996,359,6,XL(LL)
997,359,7,2XL(3L)
998,359,8,3XL(4L)
999,359,9,4XL(5L)以上
1000,359,10,FREE SIZE
1001,360,1,XXS以下
1002,360,2,XS(SS)
1003,360,3,S
1004,360,4,M
1005,360,5,L
1006,360,6,XL(LL)
1007,360,7,2XL(3L)
1008,360,8,3XL(4L)
1009,360,9,4XL(5L)以上
1010,360,10,FREE SIZE
1011,361,1,XXS以下
1012,361,2,XS(SS)
1013,361,3,S
1014,361,4,M
1015,361,5,L
1016,361,6,XL(LL)
1017,361,7,2XL(3L)
1018,361,8,3XL(4L)
1019,361,9,4XL(5L)以上
1020,361,10,FREE SIZE
1021,362,1,XXS以下
1022,362,2,XS(SS)
1023,362,3,S
1024,362,4,M
1025,362,5,L
1026,362,6,XL(LL)
1027,362,7,2XL(3L)
1028,362,8,3XL(4L)
1029,362,9,4XL(5L)以上
1030,362,10,FREE SIZE
1031,363,1,XXS以下
1032,363,2,XS(SS)
1033,363,3,S
1034,363,4,M
1035,363,5,L
1036,363,6,XL(LL)
1037,363,7,2XL(3L)
1038,363,8,3XL(4L)
1039,363,9,4XL(5L)以上
1040,363,10,FREE SIZE
1041,364,1,XXS以下
1042,364,2,XS(SS)
1043,364,3,S
1044,364,4,M
1045,364,5,L
1046,364,6,XL(LL)
1047,364,7,2XL(3L)
1048,364,8,3XL(4L)
1049,364,9,4XL(5L)以上
1050,364,10,FREE SIZE
1051,365,1,XXS以下
1052,365,2,XS(SS)
1053,365,3,S
1054,365,4,M
1055,365,5,L
1056,365,6,XL(LL)
1057,365,7,2XL(3L)
1058,365,8,3XL(4L)
1059,365,9,4XL(5L)以上
1060,365,10,FREE SIZE
1061,366,1,XXS以下
1062,366,2,XS(SS)
1063,366,3,S
1064,366,4,M
1065,366,5,L
1066,366,6,XL(LL)
1067,366,7,2XL(3L)
1068,366,8,3XL(4L)
1069,366,9,4XL(5L)以上
1070,366,10,FREE SIZE
1071,367,1,XXS以下
1072,367,2,XS(SS)
1073,367,3,S
1074,367,4,M
1075,367,5,L
1076,367,6,XL(LL)
1077,367,7,2XL(3L)
1078,367,8,3XL(4L)
1079,367,9,4XL(5L)以上
1080,367,10,FREE SIZE
1081,368,1,XXS以下
1082,368,2,XS(SS)
1083,368,3,S
1084,368,4,M
1085,368,5,L
1086,368,6,XL(LL)
1087,368,7,2XL(3L)
1088,368,8,3XL(4L)
1089,368,9,4XL(5L)以上
1090,368,10,FREE SIZE
1091,369,1,XXS以下
1092,369,2,XS(SS)
1093,369,3,S
1094,369,4,M
1095,369,5,L
1096,369,6,XL(LL)
1097,369,7,2XL(3L)
1098,369,8,3XL(4L)
1099,369,9,4XL(5L)以上
1100,369,10,FREE SIZE
1101,370,1,XXS以下
1102,370,2,XS(SS)
1103,370,3,S
1104,370,4,M
1105,370,5,L
1106,370,6,XL(LL)
1107,370,7,2XL(3L)
1108,370,8,3XL(4L)
1109,370,9,4XL(5L)以上
1110,370,10,FREE SIZE
1111,371,1,XXS以下
1112,371,2,XS(SS)
1113,371,3,S
1114,371,4,M
1115,371,5,L
1116,371,6,XL(LL)
1117,371,7,2XL(3L)
1118,371,8,3XL(4L)
1119,371,9,4XL(5L)以上
1120,371,10,FREE SIZE
1121,372,1,XXS以下
1122,372,2,XS(SS)
1123,372,3,S
1124,372,4,M
1125,372,5,L
1126,372,6,XL(LL)
1127,372,7,2XL(3L)
1128,372,8,3XL(4L)
1129,372,9,4XL(5L)以上
1130,372,10,FREE SIZE
1131,373,1,XXS以下
1132,373,2,XS(SS)
1133,373,3,S
1134,373,4,M
1135,373,5,L
1136,373,6,XL(LL)
1137,373,7,2XL(3L)
1138,373,8,3XL(4L)
1139,373,9,4XL(5L)以上
1140,373,10,FREE SIZE
1141,374,1,XXS以下
1142,374,2,XS(SS)
1143,374,3,S
1144,374,4,M
1145,374,5,L
1146,374,6,XL(LL)
1147,374,7,2XL(3L)
1148,374,8,3XL(4L)
1149,374,9,4XL(5L)以上
1150,374,10,FREE SIZE
1151,375,1,XXS以下
1152,375,2,XS(SS)
1153,375,3,S
1154,375,4,M
1155,375,5,L
1156,375,6,XL(LL)
1157,375,7,2XL(3L)
1158,375,8,3XL(4L)
1159,375,9,4XL(5L)以上
1160,375,10,FREE SIZE
1161,376,1,XXS以下
1162,376,2,XS(SS)
1163,376,3,S
1164,376,4,M
1165,376,5,L
1166,376,6,XL(LL)
1167,376,7,2XL(3L)
1168,376,8,3XL(4L)
1169,376,9,4XL(5L)以上
1170,376,10,FREE SIZE
1171,377,1,XXS以下
1172,377,2,XS(SS)
1173,377,3,S
1174,377,4,M
1175,377,5,L
1176,377,6,XL(LL)
1177,377,7,2XL(3L)
1178,377,8,3XL(4L)
1179,377,9,4XL(5L)以上
1180,377,10,FREE SIZE
1181,378,1,XXS以下
1182,378,2,XS(SS)
1183,378,3,S
1184,378,4,M
1185,378,5,L
1186,378,6,XL(LL)
1187,378,7,2XL(3L)
1188,378,8,3XL(4L)
1189,378,9,4XL(5L)以上
1190,378,10,FREE SIZE
1191,379,1,XXS以下
1192,379,2,XS(SS)
1193,379,3,S
1194,379,4,M
1195,379,5,L
1196,379,6,XL(LL)
1197,379,7,2XL(3L)
1198,379,8,3XL(4L)
1199,379,9,4XL(5L)以上
1200,379,10,FREE SIZE
1201,380,1,XXS以下
1202,380,2,XS(SS)
1203,380,3,S
1204,380,4,M
1205,380,5,L
1206,380,6,XL(LL)
1207,380,7,2XL(3L)
1208,380,8,3XL(4L)
1209,380,9,4XL(5L)以上
1210,380,10,FREE SIZE
1211,381,1,XXS以下
1212,381,2,XS(SS)
1213,381,3,S
1214,381,4,M
1215,381,5,L
1216,381,6,XL(LL)
1217,381,7,2XL(3L)
1218,381,8,3XL(4L)
1219,381,9,4XL(5L)以上
1220,381,10,FREE SIZE
1221,402,1,XXS以下
1222,402,2,XS(SS)
1223,402,3,S
1224,402,4,M
1225,402,5,L
1226,402,6,XL(LL)
1227,402,7,2XL(3L)
1228,402,8,3XL(4L)
1229,402,9,4XL(5L)以上
1230,402,10,FREE SIZE
1231,403,1,XXS以下
1232,403,2,XS(SS)
1233,403,3,S
1234,403,4,M
1235,403,5,L
1236,403,6,XL(LL)
1237,403,7,2XL(3L)
1238,403,8,3XL(4L)
1239,403,9,4XL(5L)以上
1240,403,10,FREE SIZE
1241,404,1,XXS以下
1242,404,2,XS(SS)
1243,404,3,S
1244,404,4,M
1245,404,5,L
1246,404,6,XL(LL)
1247,404,7,2XL(3L)
1248,404,8,3XL(4L)
1249,404,9,4XL(5L)以上
1250,404,10,FREE SIZE
1251,405,1,XXS以下
1252,405,2,XS(SS)
1253,405,3,S
1254,405,4,M
1255,405,5,L
1256,405,6,XL(LL)
1257,405,7,2XL(3L)
1258,405,8,3XL(4L)
1259,405,9,4XL(5L)以上
1260,405,10,FREE SIZE
1261,382,11,23.5cm以下
1262,382,12,24.5cm
1263,382,13,24cm
1264,382,14,25.5cm
1265,382,15,25cm
1266,382,16,26.5cm
1267,382,17,26cm
1268,382,18,27.5cm
1269,382,19,27cm
1270,382,20,28.5cm
1271,382,21,28cm
1272,382,22,29.5cm
1273,382,23,29cm
1274,382,24,30.5cm
1275,382,25,30cm
1276,382,26,31cm以上
1277,383,11,23.5cm以下
1278,383,12,24.5cm
1279,383,13,24cm
1280,383,14,25.5cm
1281,383,15,25cm
1282,383,16,26.5cm
1283,383,17,26cm
1284,383,18,27.5cm
1285,383,19,27cm
1286,383,20,28.5cm
1287,383,21,28cm
1288,383,22,29.5cm
1289,383,23,29cm
1290,383,24,30.5cm
1291,383,25,30cm
1292,383,26,31cm以上
1293,384,11,23.5cm以下
1294,384,12,24.5cm
1295,384,13,24cm
1296,384,14,25.5cm
1297,384,15,25cm
1298,384,16,26.5cm
1299,384,17,26cm
1300,384,18,27.5cm
1301,384,19,27cm
1302,384,20,28.5cm
1303,384,21,28cm
1304,384,22,29.5cm
1305,384,23,29cm
1306,384,24,30.5cm
1307,384,25,30cm
1308,384,26,31cm以上
1309,385,11,23.5cm以下
1310,385,12,24.5cm
1311,385,13,24cm
1312,385,14,25.5cm
1313,385,15,25cm
1314,385,16,26.5cm
1315,385,17,26cm
1316,385,18,27.5cm
1317,385,19,27cm
1318,385,20,28.5cm
1319,385,21,28cm
1320,385,22,29.5cm
1321,385,23,29cm
1322,385,24,30.5cm
1323,385,25,30cm
1324,385,26,31cm以上
1325,386,11,23.5cm以下
1326,386,12,24.5cm
1327,386,13,24cm
1328,386,14,25.5cm
1329,386,15,25cm
1330,386,16,26.5cm
1331,386,17,26cm
1332,386,18,27.5cm
1333,386,19,27cm
1334,386,20,28.5cm
1335,386,21,28cm
1336,386,22,29.5cm
1337,386,23,29cm
1338,386,24,30.5cm
1339,386,25,30cm
1340,386,26,31cm以上
1341,387,11,23.5cm以下
1342,387,12,24.5cm
1343,387,13,24cm
1344,387,14,25.5cm
1345,387,15,25cm
1346,387,16,26.5cm
1347,387,17,26cm
1348,387,18,27.5cm
1349,387,19,27cm
1350,387,20,28.5cm
1351,387,21,28cm
1352,387,22,29.5cm
1353,387,23,29cm
1354,387,24,30.5cm
1355,387,25,30cm
1356,387,26,31cm以上
1357,388,11,23.5cm以下
1358,388,12,24.5cm
1359,388,13,24cm
1360,388,14,25.5cm
1361,388,15,25cm
1362,388,16,26.5cm
1363,388,17,26cm
1364,388,18,27.5cm
1365,388,19,27cm
1366,388,20,28.5cm
1367,388,21,28cm
1368,388,22,29.5cm
1369,388,23,29cm
1370,388,24,30.5cm
1371,388,25,30cm
1372,388,26,31cm以上
1373,389,11,23.5cm以下
1374,389,12,24.5cm
1375,389,13,24cm
1376,389,14,25.5cm
1377,389,15,25cm
1378,389,16,26.5cm
1379,389,17,26cm
1380,389,18,27.5cm
1381,389,19,27cm
1382,389,20,28.5cm
1383,389,21,28cm
1384,389,22,29.5cm
1385,389,23,29cm
1386,389,24,30.5cm
1387,389,25,30cm
1388,389,26,31cm以上
1389,219,27,20cm以下
1390,219,28,20.5cm
1391,219,29,21cm
1392,219,30,21.5cm
1393,219,31,22cm
1394,219,32,22.5cm
1395,219,33,23cm
1396,219,34,23.5cm
1397,219,35,24cm
1398,219,36,24.5cm
1399,219,37,25cm
1400,219,38,25.5cm
1401,219,39,26cm
1402,219,40,26.5cm
1403,219,41,27cm
1404,219,42,27.5cm以上
1405,220,27,20cm以下
1406,220,28,20.5cm
1407,220,29,21cm
1408,220,30,21.5cm
1409,220,31,22cm
1410,220,32,22.5cm
1411,220,33,23cm
1412,220,34,23.5cm
1413,220,35,24cm
1414,220,36,24.5cm
1415,220,37,25cm
1416,220,38,25.5cm
1417,220,39,26cm
1418,220,40,26.5cm
1419,220,41,27cm
1420,220,42,27.5cm以上
1421,221,27,20cm以下
1422,221,28,20.5cm
1423,221,29,21cm
1424,221,30,21.5cm
1425,221,31,22cm
1426,221,32,22.5cm
1427,221,33,23cm
1428,221,34,23.5cm
1429,221,35,24cm
1430,221,36,24.5cm
1431,221,37,25cm
1432,221,38,25.5cm
1433,221,39,26cm
1434,221,40,26.5cm
1435,221,41,27cm
1436,221,42,27.5cm以上
1437,222,27,20cm以下
1438,222,28,20.5cm
1439,222,29,21cm
1440,222,30,21.5cm
1441,222,31,22cm
1442,222,32,22.5cm
1443,222,33,23cm
1444,222,34,23.5cm
1445,222,35,24cm
1446,222,36,24.5cm
1447,222,37,25cm
1448,222,38,25.5cm
1449,222,39,26cm
1450,222,40,26.5cm
1451,222,41,27cm
1452,222,42,27.5cm以上
1453,223,27,20cm以下
1454,223,28,20.5cm
1455,223,29,21cm
1456,223,30,21.5cm
1457,223,31,22cm
1458,223,32,22.5cm
1459,223,33,23cm
1460,223,34,23.5cm
1461,223,35,24cm
1462,223,36,24.5cm
1463,223,37,25cm
1464,223,38,25.5cm
1465,223,39,26cm
1466,223,40,26.5cm
1467,223,41,27cm
1468,223,42,27.5cm以上
1469,224,27,20cm以下
1470,224,28,20.5cm
1471,224,29,21cm
1472,224,30,21.5cm
1473,224,31,22cm
1474,224,32,22.5cm
1475,224,33,23cm
1476,224,34,23.5cm
1477,224,35,24cm
1478,224,36,24.5cm
1479,224,37,25cm
1480,224,38,25.5cm
1481,224,39,26cm
1482,224,40,26.5cm
1483,224,41,27cm
1484,224,42,27.5cm以上
1485,225,27,20cm以下
1486,225,28,20.5cm
1487,225,29,21cm
1488,225,30,21.5cm
1489,225,31,22cm
1490,225,32,22.5cm
1491,225,33,23cm
1492,225,34,23.5cm
1493,225,35,24cm
1494,225,36,24.5cm
1495,225,37,25cm
1496,225,38,25.5cm
1497,225,39,26cm
1498,225,40,26.5cm
1499,225,41,27cm
1500,225,42,27.5cm以上
1501,226,27,20cm以下
1502,226,28,20.5cm
1503,226,29,21cm
1504,226,30,21.5cm
1505,226,31,22cm
1506,226,32,22.5cm
1507,226,33,23cm
1508,226,34,23.5cm
1509,226,35,24cm
1510,226,36,24.5cm
1511,226,37,25cm
1512,226,38,25.5cm
1513,226,39,26cm
1514,226,40,26.5cm
1515,226,41,27cm
1516,226,42,27.5cm以上
1517,227,27,20cm以下
1518,227,28,20.5cm
1519,227,29,21cm
1520,227,30,21.5cm
1521,227,31,22cm
1522,227,32,22.5cm
1523,227,33,23cm
1524,227,34,23.5cm
1525,227,35,24cm
1526,227,36,24.5cm
1527,227,37,25cm
1528,227,38,25.5cm
1529,227,39,26cm
1530,227,40,26.5cm
1531,227,41,27cm
1532,227,42,27.5cm以上
1533,228,27,20cm以下
1534,228,28,20.5cm
1535,228,29,21cm
1536,228,30,21.5cm
1537,228,31,22cm
1538,228,32,22.5cm
1539,228,33,23cm
1540,228,34,23.5cm
1541,228,35,24cm
1542,228,36,24.5cm
1543,228,37,25cm
1544,228,38,25.5cm
1545,228,39,26cm
1546,228,40,26.5cm
1547,228,41,27cm
1548,228,42,27.5cm以上
1549,210,43,60cm以下
1550,210,44,~70cm
1551,210,45,~80cm
1552,210,46,~90cm
1553,210,47,90cm以上
1554,211,43,60cm以下
1555,211,44,~70cm
1556,211,45,~80cm
1557,211,46,~90cm
1558,211,47,90cm以上
1559,212,43,60cm以下
1560,212,44,~70cm
1561,212,45,~80cm
1562,212,46,~90cm
1563,212,47,90cm以上
1564,213,43,60cm以下
1565,213,44,~70cm
1566,213,45,~80cm
1567,213,46,~90cm
1568,213,47,90cm以上
1569,214,43,60cm以下
1570,214,44,~70cm
1571,214,45,~80cm
1572,214,46,~90cm
1573,214,47,90cm以上
1574,495,48,100cm
1575,495,49,110cm
1576,495,50,120cm
1577,495,51,130cm
1578,495,52,140cm
1579,495,53,150cm
1580,495,54,160cm
1581,496,48,100cm
1582,496,49,110cm
1583,496,50,120cm
1584,496,51,130cm
1585,496,52,140cm
1586,496,53,150cm
1587,496,54,160cm
1588,497,48,100cm
1589,497,49,110cm
1590,497,50,120cm
1591,497,51,130cm
1592,497,52,140cm
1593,497,53,150cm
1594,497,54,160cm
1595,498,48,100cm
1596,498,49,110cm
1597,498,50,120cm
1598,498,51,130cm
1599,498,52,140cm
1600,498,53,150cm
1601,498,54,160cm
1602,499,48,100cm
1603,499,49,110cm
1604,499,50,120cm
1605,499,51,130cm
1606,499,52,140cm
1607,499,53,150cm
1608,499,54,160cm
1609,500,48,100cm
1610,500,49,110cm
1611,500,50,120cm
1612,500,51,130cm
1613,500,52,140cm
1614,500,53,150cm
1615,500,54,160cm
1616,501,48,100cm
1617,501,49,110cm
1618,501,50,120cm
1619,501,51,130cm
1620,501,52,140cm
1621,501,53,150cm
1622,501,54,160cm
1623,502,48,100cm
1624,502,49,110cm
1625,502,50,120cm
1626,502,51,130cm
1627,502,52,140cm
1628,502,53,150cm
1629,502,54,160cm
1630,503,48,100cm
1631,503,49,110cm
1632,503,50,120cm
1633,503,51,130cm
1634,503,52,140cm
1635,503,53,150cm
1636,503,54,160cm
1637,504,48,100cm
1638,504,49,110cm
1639,504,50,120cm
1640,504,51,130cm
1641,504,52,140cm
1642,504,53,150cm
1643,504,54,160cm
1644,505,48,100cm
1645,505,49,110cm
1646,505,50,120cm
1647,505,51,130cm
1648,505,52,140cm
1649,505,53,150cm
1650,505,54,160cm
1651,506,48,100cm
1652,506,49,110cm
1653,506,50,120cm
1654,506,51,130cm
1655,506,52,140cm
1656,506,53,150cm
1657,506,54,160cm
1658,507,48,100cm
1659,507,49,110cm
1660,507,50,120cm
1661,507,51,130cm
1662,507,52,140cm
1663,507,53,150cm
1664,507,54,160cm
1665,508,48,100cm
1666,508,49,110cm
1667,508,50,120cm
1668,508,51,130cm
1669,508,52,140cm
1670,508,53,150cm
1671,508,54,160cm
1672,509,48,100cm
1673,509,49,110cm
1674,509,50,120cm
1675,509,51,130cm
1676,509,52,140cm
1677,509,53,150cm
1678,509,54,160cm
1679,510,48,100cm
1680,510,49,110cm
1681,510,50,120cm
1682,510,51,130cm
1683,510,52,140cm
1684,510,53,150cm
1685,510,54,160cm
1686,511,48,100cm
1687,511,49,110cm
1688,511,50,120cm
1689,511,51,130cm
1690,511,52,140cm
1691,511,53,150cm
1692,511,54,160cm
1693,512,48,100cm
1694,512,49,110cm
1695,512,50,120cm
1696,512,51,130cm
1697,512,52,140cm
1698,512,53,150cm
1699,512,54,160cm
1700,513,48,100cm
1701,513,49,110cm
1702,513,50,120cm
1703,513,51,130cm
1704,513,52,140cm
1705,513,53,150cm
1706,513,54,160cm
1707,514,48,100cm
1708,514,49,110cm
1709,514,50,120cm
1710,514,51,130cm
1711,514,52,140cm
1712,514,53,150cm
1713,514,54,160cm
1714,515,48,100cm
1715,515,49,110cm
1716,515,50,120cm
1717,515,51,130cm
1718,515,52,140cm
1719,515,53,150cm
1720,515,54,160cm
1721,516,48,100cm
1722,516,49,110cm
1723,516,50,120cm
1724,516,51,130cm
1725,516,52,140cm
1726,516,53,150cm
1727,516,54,160cm
1728,517,48,100cm
1729,517,49,110cm
1730,517,50,120cm
1731,517,51,130cm
1732,517,52,140cm
1733,517,53,150cm
1734,517,54,160cm
1735,518,48,100cm
1736,518,49,110cm
1737,518,50,120cm
1738,518,51,130cm
1739,518,52,140cm
1740,518,53,150cm
1741,518,54,160cm
1742,519,48,100cm
1743,519,49,110cm
1744,519,50,120cm
1745,519,51,130cm
1746,519,52,140cm
1747,519,53,150cm
1748,519,54,160cm
1749,520,48,100cm
1750,520,49,110cm
1751,520,50,120cm
1752,520,51,130cm
1753,520,52,140cm
1754,520,53,150cm
1755,520,54,160cm
1756,521,48,100cm
1757,521,49,110cm
1758,521,50,120cm
1759,521,51,130cm
1760,521,52,140cm
1761,521,53,150cm
1762,521,54,160cm
1763,522,48,100cm
1764,522,49,110cm
1765,522,50,120cm
1766,522,51,130cm
1767,522,52,140cm
1768,522,53,150cm
1769,522,54,160cm
1770,523,48,100cm
1771,523,49,110cm
1772,523,50,120cm
1773,523,51,130cm
1774,523,52,140cm
1775,523,53,150cm
1776,523,54,160cm
1777,524,48,100cm
1778,524,49,110cm
1779,524,50,120cm
1780,524,51,130cm
1781,524,52,140cm
1782,524,53,150cm
1783,524,54,160cm
1784,525,48,100cm
1785,525,49,110cm
1786,525,50,120cm
1787,525,51,130cm
1788,525,52,140cm
1789,525,53,150cm
1790,525,54,160cm
1791,526,48,100cm
1792,526,49,110cm
1793,526,50,120cm
1794,526,51,130cm
1795,526,52,140cm
1796,526,53,150cm
1797,526,54,160cm
1798,527,48,100cm
1799,527,49,110cm
1800,527,50,120cm
1801,527,51,130cm
1802,527,52,140cm
1803,527,53,150cm
1804,527,54,160cm
1805,528,48,100cm
1806,528,49,110cm
1807,528,50,120cm
1808,528,51,130cm
1809,528,52,140cm
1810,528,53,150cm
1811,528,54,160cm
1812,529,48,100cm
1813,529,49,110cm
1814,529,50,120cm
1815,529,51,130cm
1816,529,52,140cm
1817,529,53,150cm
1818,529,54,160cm
1819,530,48,100cm
1820,530,49,110cm
1821,530,50,120cm
1822,530,51,130cm
1823,530,52,140cm
1824,530,53,150cm
1825,530,54,160cm
1826,531,48,100cm
1827,531,49,110cm
1828,531,50,120cm
1829,531,51,130cm
1830,531,52,140cm
1831,531,53,150cm
1832,531,54,160cm
1833,532,48,100cm
1834,532,49,110cm
1835,532,50,120cm
1836,532,51,130cm
1837,532,52,140cm
1838,532,53,150cm
1839,532,54,160cm
1840,533,48,100cm
1841,533,49,110cm
1842,533,50,120cm
1843,533,51,130cm
1844,533,52,140cm
1845,533,53,150cm
1846,533,54,160cm
1847,534,48,100cm
1848,534,49,110cm
1849,534,50,120cm
1850,534,51,130cm
1851,534,52,140cm
1852,534,53,150cm
1853,534,54,160cm
1854,535,55,10.5cm以下
1855,535,56,11cm・11.5cm
1856,535,57,12cm・12.5cm
1857,535,58,13cm・13.5cm
1858,535,59,14cm・14.5cm
1859,535,60,15cm・15.5cm
1860,535,61,16cm・16.5cm
1861,535,62,17cm以上
1862,536,55,10.5cm以下
1863,536,56,11cm・11.5cm
1864,536,57,12cm・12.5cm
1865,536,58,13cm・13.5cm
1866,536,59,14cm・14.5cm
1867,536,60,15cm・15.5cm
1868,536,61,16cm・16.5cm
1869,536,62,17cm以上
1870,537,55,10.5cm以下
1871,537,56,11cm・11.5cm
1872,537,57,12cm・12.5cm
1873,537,58,13cm・13.5cm
1874,537,59,14cm・14.5cm
1875,537,60,15cm・15.5cm
1876,537,61,16cm・16.5cm
1877,537,62,17cm以上
1878,538,55,10.5cm以下
1879,538,56,11cm・11.5cm
1880,538,57,12cm・12.5cm
1881,538,58,13cm・13.5cm
1882,538,59,14cm・14.5cm
1883,538,60,15cm・15.5cm
1884,538,61,16cm・16.5cm
1885,538,62,17cm以上
1886,539,55,10.5cm以下
1887,539,56,11cm・11.5cm
1888,539,57,12cm・12.5cm
1889,539,58,13cm・13.5cm
1890,539,59,14cm・14.5cm
1891,539,60,15cm・15.5cm
1892,539,61,16cm・16.5cm
1893,539,62,17cm以上
1894,468,63,60cm
1895,468,64,70cm
1896,468,65,80cm
1897,468,66,90cm
1898,468,67,95cm
1899,469,63,60cm
1900,469,64,70cm
1901,469,65,80cm
1902,469,66,90cm
1903,469,67,95cm
1904,470,63,60cm
1905,470,64,70cm
1906,470,65,80cm
1907,470,66,90cm
1908,470,67,95cm
1909,471,63,60cm
1910,471,64,70cm
1911,471,65,80cm
1912,471,66,90cm
1913,471,67,95cm
1914,472,63,60cm
1915,472,64,70cm
1916,472,65,80cm
1917,472,66,90cm
1918,472,67,95cm
1919,473,63,60cm
1920,473,64,70cm
1921,473,65,80cm
1922,473,66,90cm
1923,473,67,95cm
1924,474,63,60cm
1925,474,64,70cm
1926,474,65,80cm
1927,474,66,90cm
1928,474,67,95cm
1929,475,63,60cm
1930,475,64,70cm
1931,475,65,80cm
1932,475,66,90cm
1933,475,67,95cm
1934,476,63,60cm
1935,476,64,70cm
1936,476,65,80cm
1937,476,66,90cm
1938,476,67,95cm
1939,477,63,60cm
1940,477,64,70cm
1941,477,65,80cm
1942,477,66,90cm
1943,477,67,95cm
1944,478,63,60cm
1945,478,64,70cm
1946,478,65,80cm
1947,478,66,90cm
1948,478,67,95cm
1949,479,63,60cm
1950,479,64,70cm
1951,479,65,80cm
1952,479,66,90cm
1953,479,67,95cm
1954,480,63,60cm
1955,480,64,70cm
1956,480,65,80cm
1957,480,66,90cm
1958,480,67,95cm
1959,481,63,60cm
1960,481,64,70cm
1961,481,65,80cm
1962,481,66,90cm
1963,481,67,95cm
1964,482,63,60cm
1965,482,64,70cm
1966,482,65,80cm
1967,482,66,90cm
1968,482,67,95cm
1969,483,63,60cm
1970,483,64,70cm
1971,483,65,80cm
1972,483,66,90cm
1973,483,67,95cm
1974,484,63,60cm
1975,484,64,70cm
1976,484,65,80cm
1977,484,66,90cm
1978,484,67,95cm
1979,485,63,60cm
1980,485,64,70cm
1981,485,65,80cm
1982,485,66,90cm
1983,485,67,95cm
1984,486,63,60cm
1985,486,64,70cm
1986,486,65,80cm
1987,486,66,90cm
1988,486,67,95cm
1989,487,63,60cm
1990,487,64,70cm
1991,487,65,80cm
1992,487,66,90cm
1993,487,67,95cm
1994,488,63,60cm
1995,488,64,70cm
1996,488,65,80cm
1997,488,66,90cm
1998,488,67,95cm
1999,489,63,60cm
2000,489,64,70cm
2001,489,65,80cm
2002,489,66,90cm
2003,489,67,95cm
2004,490,63,60cm
2005,490,64,70cm
2006,490,65,80cm
2007,490,66,90cm
2008,490,67,95cm
2009,491,63,60cm
2010,491,64,70cm
2011,491,65,80cm
2012,491,66,90cm
2013,491,67,95cm
2014,492,63,60cm
2015,492,64,70cm
2016,492,65,80cm
2017,492,66,90cm
2018,492,67,95cm
2019,493,63,60cm
2020,493,64,70cm
2021,493,65,80cm
2022,493,66,90cm
2023,493,67,95cm
2024,494,63,60cm
2025,494,64,70cm
2026,494,65,80cm
2027,494,66,90cm
2028,494,67,95cm
2029,982,68,～20インチ
2030,982,69,20～26インチ
2031,982,70,26～32インチ
2032,982,71,32～37インチ
2033,982,72,37～40インチ
2034,982,73,40～42インチ
2035,982,74,42～46インチ
2036,982,75,46～52インチ
2037,982,76,52～60インチ
2038,982,77,60インチ～
2039,977,78,ニコンFマウント
2040,977,79,キヤノンEFマウント
2041,977,80,ペンタックスKマウント
2042,977,81,ペンタックスQマウント
2043,977,82,フォーサーズマウント
2044,977,83,マイクロフォーサーズマウント
2045,977,84,α Aマウント
2046,977,85,α Eマウント
2047,977,86,ニコン1マウント
2048,977,87,キヤノンEF-Mマウント
2049,977,88,Xマウント
2050,977,89,シグマSAマウント
2051,978,78,ニコンFマウント
2052,978,79,キヤノンEFマウント
2053,978,80,ペンタックスKマウント
2054,978,81,ペンタックスQマウント
2055,978,82,フォーサーズマウント
2056,978,83,マイクロフォーサーズマウント
2057,978,84,α Aマウント
2058,978,85,α Eマウント
2059,978,86,ニコン1マウント
2060,978,87,キヤノンEF-Mマウント
2061,978,88,Xマウント
2062,978,89,シグマSAマウント
2063,147,90,50cc以下
2064,147,91,51cc-125cc
2065,147,92,126cc-250cc
2066,147,93,251cc-400cc
2067,147,94,401cc-750cc
2068,147,95,751cc以上
2069,1264,96,XSサイズ以下
2070,1264,97,Sサイズ
2071,1264,98,Mサイズ
2072,1264,99,Lサイズ
2073,1264,100,XLサイズ
2074,1264,101,XXLサイズ以上
2075,1264,102,フリーサイズ
2076,1264,103,子ども用
2077,1218,104,12インチ
2078,1218,105,13インチ
2079,1218,106,14インチ
2080,1218,107,15インチ
2081,1218,108,16インチ
2082,1218,109,17インチ
2083,1218,110,18インチ
2084,1218,111,19インチ
2085,1218,112,20インチ
2086,1218,113,21インチ
2087,1218,114,22インチ
2088,1218,115,23インチ
2089,1218,116,24インチ
2090,1219,104,12インチ
2091,1219,105,13インチ
2092,1219,106,14インチ
2093,1219,107,15インチ
2094,1219,108,16インチ
2095,1219,109,17インチ
2096,1219,110,18インチ
2097,1219,111,19インチ
2098,1219,112,20インチ
2099,1219,113,21インチ
2100,1219,114,22インチ
2101,1219,115,23インチ
2102,1219,116,24インチ
2103,1248,104,12インチ
2104,1248,105,13インチ
2105,1248,106,14インチ
2106,1248,107,15インチ
2107,1248,108,16インチ
2108,1248,109,17インチ
2109,1248,110,18インチ
2110,1248,111,19インチ
2111,1248,112,20インチ
2112,1248,113,21インチ
2113,1248,114,22インチ
2114,1248,115,23インチ
2115,1248,116,24インチ
2116,1092,117,140cm～
2117,1092,118,150cm～
2118,1092,119,160cm～
2119,1092,120,170cm～
2120,1092,121,スキーボード
2121,1092,122,子ども用
2122,1092,123,その他
2123,1081,124,135cm-140cm未満
2124,1081,125,140cm-145cm未満
2125,1081,126,145cm-150cm未満
2126,1081,127,150cm-155cm未満
2127,1081,128,155cm-160cm未満
2128,1081,129,160cm-165cm未満
2129,1081,130,165cm-170cm未満